pressure, temperature, density, viscosity, enthalpy, internal_energy
-34999999, 273.17, 7.93192672456901e-06, 0, 0, 0
-34999999, 300, 7.22254511762351e-06, 0, 0, 0
-34999999, 350, 6.19075121804408e-06, 0, 0, 0
-34999999, 400, 5.41690679743714e-06, 0, 0, 0
-34999999, 450, 4.81502806146807e-06, 0, 0, 0
-34999999, 500, 4.33352516025966e-06, 0, 0, 0
-34999999, 550, 3.9395682772889e-06, 0, 0, 0
-34999999, 600, 3.61127089199021e-06, 0, 0, 0
-34999999, 650, 3.33348080573365e-06, 0, 0, 0
-34999999, 700, 3.09537502258351e-06, 0, 0, 0
-34999999, 750, 2.88901668020989e-06, 0, 0, 0
-34999999, 800, 2.70845313251903e-06, 0, 0, 0
-34999999, 850, 2.54913235636585e-06, 0, 0, 0
-34999999, 900, 2.40751388948977e-06, 0, 0, 0
-34999999, 950, 2.28080263021279e-06, 0, 0, 0
-34999999, 1000, 2.16676249725627e-06, 0, 0, 0
-34999999, 1050, 2.06358332962454e-06, 0, 0, 0
-34999999, 1100, 1.96978408652809e-06, 0, 0, 0
-34999999, 1150, 1.88414129950499e-06, 0, 0, 0
-34999999, 1200, 1.80563541151463e-06, 0, 0, 0
-34999999, 1250, 1.73340999465032e-06, 0, 0, 0
-34999999, 1300, 1.66674037915009e-06, 0, 0, 0
-29999999, 273.17, 7.93192672456901e-06, 0, 0, 0
-29999999, 300, 7.22254511762351e-06, 0, 0, 0
-29999999, 350, 6.19075121804408e-06, 0, 0, 0
-29999999, 400, 5.41690679743714e-06, 0, 0, 0
-29999999, 450, 4.81502806146807e-06, 0, 0, 0
-29999999, 500, 4.33352516025966e-06, 0, 0, 0
-29999999, 550, 3.9395682772889e-06, 0, 0, 0
-29999999, 600, 3.61127089199021e-06, 0, 0, 0
-29999999, 650, 3.33348080573365e-06, 0, 0, 0
-29999999, 700, 3.09537502258351e-06, 0, 0, 0
-29999999, 750, 2.88901668020989e-06, 0, 0, 0
-29999999, 800, 2.70845313251903e-06, 0, 0, 0
-29999999, 850, 2.54913235636585e-06, 0, 0, 0
-29999999, 900, 2.40751388948977e-06, 0, 0, 0
-29999999, 950, 2.28080263021279e-06, 0, 0, 0
-29999999, 1000, 2.16676249725627e-06, 0, 0, 0
-29999999, 1050, 2.06358332962454e-06, 0, 0, 0
-29999999, 1100, 1.96978408652809e-06, 0, 0, 0
-29999999, 1150, 1.88414129950499e-06, 0, 0, 0
-29999999, 1200, 1.80563541151463e-06, 0, 0, 0
-29999999, 1250, 1.73340999465032e-06, 0, 0, 0
-29999999, 1300, 1.66674037915009e-06, 0, 0, 0
-24999999, 273.17, 7.93192672456901e-06, 0, 0, 0
-24999999, 300, 7.22254511762351e-06, 0, 0, 0
-24999999, 350, 6.19075121804408e-06, 0, 0, 0
-24999999, 400, 5.41690679743714e-06, 0, 0, 0
-24999999, 450, 4.81502806146807e-06, 0, 0, 0
-24999999, 500, 4.33352516025966e-06, 0, 0, 0
-24999999, 550, 3.9395682772889e-06, 0, 0, 0
-24999999, 600, 3.61127089199021e-06, 0, 0, 0
-24999999, 650, 3.33348080573365e-06, 0, 0, 0
-24999999, 700, 3.09537502258351e-06, 0, 0, 0
-24999999, 750, 2.88901668020989e-06, 0, 0, 0
-24999999, 800, 2.70845313251903e-06, 0, 0, 0
-24999999, 850, 2.54913235636585e-06, 0, 0, 0
-24999999, 900, 2.40751388948977e-06, 0, 0, 0
-24999999, 950, 2.28080263021279e-06, 0, 0, 0
-24999999, 1000, 2.16676249725627e-06, 0, 0, 0
-24999999, 1050, 2.06358332962454e-06, 0, 0, 0
-24999999, 1100, 1.96978408652809e-06, 0, 0, 0
-24999999, 1150, 1.88414129950499e-06, 0, 0, 0
-24999999, 1200, 1.80563541151463e-06, 0, 0, 0
-24999999, 1250, 1.73340999465032e-06, 0, 0, 0
-24999999, 1300, 1.66674037915009e-06, 0, 0, 0
-19999999, 273.17, 7.93192672456901e-06, 0, 0, 0
-19999999, 300, 7.22254511762351e-06, 0, 0, 0
-19999999, 350, 6.19075121804408e-06, 0, 0, 0
-19999999, 400, 5.41690679743714e-06, 0, 0, 0
-19999999, 450, 4.81502806146807e-06, 0, 0, 0
-19999999, 500, 4.33352516025966e-06, 0, 0, 0
-19999999, 550, 3.9395682772889e-06, 0, 0, 0
-19999999, 600, 3.61127089199021e-06, 0, 0, 0
-19999999, 650, 3.33348080573365e-06, 0, 0, 0
-19999999, 700, 3.09537502258351e-06, 0, 0, 0
-19999999, 750, 2.88901668020989e-06, 0, 0, 0
-19999999, 800, 2.70845313251903e-06, 0, 0, 0
-19999999, 850, 2.54913235636585e-06, 0, 0, 0
-19999999, 900, 2.40751388948977e-06, 0, 0, 0
-19999999, 950, 2.28080263021279e-06, 0, 0, 0
-19999999, 1000, 2.16676249725627e-06, 0, 0, 0
-19999999, 1050, 2.06358332962454e-06, 0, 0, 0
-19999999, 1100, 1.96978408652809e-06, 0, 0, 0
-19999999, 1150, 1.88414129950499e-06, 0, 0, 0
-19999999, 1200, 1.80563541151463e-06, 0, 0, 0
-19999999, 1250, 1.73340999465032e-06, 0, 0, 0
-19999999, 1300, 1.66674037915009e-06, 0, 0, 0
-14999999, 273.17, 7.93192672456901e-06, 0, 0, 0
-14999999, 300, 7.22254511762351e-06, 0, 0, 0
-14999999, 350, 6.19075121804408e-06, 0, 0, 0
-14999999, 400, 5.41690679743714e-06, 0, 0, 0
-14999999, 450, 4.81502806146807e-06, 0, 0, 0
-14999999, 500, 4.33352516025966e-06, 0, 0, 0
-14999999, 550, 3.9395682772889e-06, 0, 0, 0
-14999999, 600, 3.61127089199021e-06, 0, 0, 0
-14999999, 650, 3.33348080573365e-06, 0, 0, 0
-14999999, 700, 3.09537502258351e-06, 0, 0, 0
-14999999, 750, 2.88901668020989e-06, 0, 0, 0
-14999999, 800, 2.70845313251903e-06, 0, 0, 0
-14999999, 850, 2.54913235636585e-06, 0, 0, 0
-14999999, 900, 2.40751388948977e-06, 0, 0, 0
-14999999, 950, 2.28080263021279e-06, 0, 0, 0
-14999999, 1000, 2.16676249725627e-06, 0, 0, 0
-14999999, 1050, 2.06358332962454e-06, 0, 0, 0
-14999999, 1100, 1.96978408652809e-06, 0, 0, 0
-14999999, 1150, 1.88414129950499e-06, 0, 0, 0
-14999999, 1200, 1.80563541151463e-06, 0, 0, 0
-14999999, 1250, 1.73340999465032e-06, 0, 0, 0
-14999999, 1300, 1.66674037915009e-06, 0, 0, 0
-9999999, 273.17, 7.93192672456901e-06, 0, 0, 0
-9999999, 300, 7.22254511762351e-06, 0, 0, 0
-9999999, 350, 6.19075121804408e-06, 0, 0, 0
-9999999, 400, 5.41690679743714e-06, 0, 0, 0
-9999999, 450, 4.81502806146807e-06, 0, 0, 0
-9999999, 500, 4.33352516025966e-06, 0, 0, 0
-9999999, 550, 3.9395682772889e-06, 0, 0, 0
-9999999, 600, 3.61127089199021e-06, 0, 0, 0
-9999999, 650, 3.33348080573365e-06, 0, 0, 0
-9999999, 700, 3.09537502258351e-06, 0, 0, 0
-9999999, 750, 2.88901668020989e-06, 0, 0, 0
-9999999, 800, 2.70845313251903e-06, 0, 0, 0
-9999999, 850, 2.54913235636585e-06, 0, 0, 0
-9999999, 900, 2.40751388948977e-06, 0, 0, 0
-9999999, 950, 2.28080263021279e-06, 0, 0, 0
-9999999, 1000, 2.16676249725627e-06, 0, 0, 0
-9999999, 1050, 2.06358332962454e-06, 0, 0, 0
-9999999, 1100, 1.96978408652809e-06, 0, 0, 0
-9999999, 1150, 1.88414129950499e-06, 0, 0, 0
-9999999, 1200, 1.80563541151463e-06, 0, 0, 0
-9999999, 1250, 1.73340999465032e-06, 0, 0, 0
-9999999, 1300, 1.66674037915009e-06, 0, 0, 0
-4999999, 273.17, 7.93192672456901e-06, 0, 0, 0
-4999999, 300, 7.22254511762351e-06, 0, 0, 0
-4999999, 350, 6.19075121804408e-06, 0, 0, 0
-4999999, 400, 5.41690679743714e-06, 0, 0, 0
-4999999, 450, 4.81502806146807e-06, 0, 0, 0
-4999999, 500, 4.33352516025966e-06, 0, 0, 0
-4999999, 550, 3.9395682772889e-06, 0, 0, 0
-4999999, 600, 3.61127089199021e-06, 0, 0, 0
-4999999, 650, 3.33348080573365e-06, 0, 0, 0
-4999999, 700, 3.09537502258351e-06, 0, 0, 0
-4999999, 750, 2.88901668020989e-06, 0, 0, 0
-4999999, 800, 2.70845313251903e-06, 0, 0, 0
-4999999, 850, 2.54913235636585e-06, 0, 0, 0
-4999999, 900, 2.40751388948977e-06, 0, 0, 0
-4999999, 950, 2.28080263021279e-06, 0, 0, 0
-4999999, 1000, 2.16676249725627e-06, 0, 0, 0
-4999999, 1050, 2.06358332962454e-06, 0, 0, 0
-4999999, 1100, 1.96978408652809e-06, 0, 0, 0
-4999999, 1150, 1.88414129950499e-06, 0, 0, 0
-4999999, 1200, 1.80563541151463e-06, 0, 0, 0
-4999999, 1250, 1.73340999465032e-06, 0, 0, 0
-4999999, 1300, 1.66674037915009e-06, 0, 0, 0
1, 273.17, 7.93192672456901e-06, 0, 0, 0
1, 300, 7.22254511762351e-06, 0, 0, 0
1, 350, 6.19075121804408e-06, 0, 0, 0
1, 400, 5.41690679743714e-06, 0, 0, 0
1, 450, 4.81502806146807e-06, 0, 0, 0
1, 500, 4.33352516025966e-06, 0, 0, 0
1, 550, 3.9395682772889e-06, 0, 0, 0
1, 600, 3.61127089199021e-06, 0, 0, 0
1, 650, 3.33348080573365e-06, 0, 0, 0
1, 700, 3.09537502258351e-06, 0, 0, 0
1, 750, 2.88901668020989e-06, 0, 0, 0
1, 800, 2.70845313251903e-06, 0, 0, 0
1, 850, 2.54913235636585e-06, 0, 0, 0
1, 900, 2.40751388948977e-06, 0, 0, 0
1, 950, 2.28080263021279e-06, 0, 0, 0
1, 1000, 2.16676249725627e-06, 0, 0, 0
1, 1050, 2.06358332962454e-06, 0, 0, 0
1, 1100, 1.96978408652809e-06, 0, 0, 0
1, 1150, 1.88414129950499e-06, 0, 0, 0
1, 1200, 1.80563541151463e-06, 0, 0, 0
1, 1250, 1.73340999465032e-06, 0, 0, 0
1, 1300, 1.66674037915009e-06, 0, 0, 0
1e+05, 273.17, 999.843762820657, 0, 0, 0
1e+05, 300, 996.556340388898, 0, 0, 0
1e+05, 350, 973.727853378499, 0, 0, 0
1e+05, 400, 0.547605415225943, 0, 0, 0
1e+05, 450, 0.484584110450928, 0, 0, 0
1e+05, 500, 0.435140075089223, 0, 0, 0
1e+05, 550, 0.39506927250389, 0, 0, 0
1e+05, 600, 0.361854586071101, 0, 0, 0
1e+05, 650, 0.333841729749341, 0, 0, 0
1e+05, 700, 0.309882122379736, 0, 0, 0
1e+05, 750, 0.28914765749963, 0, 0, 0
1e+05, 800, 0.271023994798347, 0, 0, 0
1e+05, 850, 0.255044803242914, 0, 0, 0
1e+05, 900, 0.240849266558318, 0, 0, 0
1e+05, 950, 0.228153609372639, 0, 0, 0
1e+05, 1000, 0.216731455075584, 0, 0, 0
1e+05, 1050, 0.206399943635827, 0, 0, 0
1e+05, 1100, 0.197009714817386, 0, 0, 0
1e+05, 1150, 0.188437548827577, 0, 0, 0
1e+05, 1200, 0.1805808724927, 0, 0, 0
1e+05, 1250, 0.173353599295528, 0, 0, 0
1e+05, 1300, 0.166682938821476, 0, 0, 0
1e+06, 273.17, 1000.30110571035, 0, 0, 0
1e+06, 300, 996.960022695029, 0, 0, 0
1e+06, 350, 974.128827132981, 0, 0, 0
1e+06, 400, 937.873335355736, 0, 0, 0
1e+06, 450, 890.385806968809, 0, 0, 0
1e+06, 500, 4.53229427183908, 0, 0, 0
1e+06, 550, 4.05809868042486, 0, 0, 0
1e+06, 600, 3.68707165669668, 0, 0, 0
1e+06, 650, 3.3842547619896, 0, 0, 0
1e+06, 700, 3.13053543687311, 0, 0, 0
1e+06, 750, 2.91398026393312, 0, 0, 0
1e+06, 800, 2.72651908052499, 0, 0, 0
1e+06, 850, 2.56239938697984, 0, 0, 0
1e+06, 900, 2.41736424624992, 0, 0, 0
1e+06, 950, 2.28817312303384, 0, 0, 0
1e+06, 1000, 2.17230355778631, 0, 0, 0
1e+06, 1050, 2.06775599069003, 0, 0, 0
1e+06, 1100, 1.97292104333734, 0, 0, 0
1e+06, 1150, 1.88648642885768, 0, 0, 0
1e+06, 1200, 1.8073699691365, 0, 0, 0
1e+06, 1250, 1.73467035182977, 0, 0, 0
1e+06, 1300, 1.66763025860519, 0, 0, 0
6e+06, 273.17, 1002.82445197716, 0, 0, 0
6e+06, 300, 999.188784225729, 0, 0, 0
6e+06, 350, 976.339920913765, 0, 0, 0
6e+06, 400, 940.415328858627, 0, 0, 0
6e+06, 450, 893.628850324103, 0, 0, 0
6e+06, 500, 834.429704687944, 0, 0, 0
6e+06, 550, 30.6108523702858, 0, 0, 0
6e+06, 600, 25.2472046568513, 0, 0, 0
6e+06, 650, 22.1748772943973, 0, 0, 0
6e+06, 700, 19.9975625417932, 0, 0, 0
6e+06, 750, 18.312239179694, 0, 0, 0
6e+06, 800, 16.9427535971396, 0, 0, 0
6e+06, 850, 15.7950203797344, 0, 0, 0
6e+06, 900, 14.8122360335145, 0, 0, 0
6e+06, 950, 13.9571737274666, 0, 0, 0
6e+06, 1000, 13.2039698467744, 0, 0, 0
6e+06, 1050, 12.5338565464122, 0, 0, 0
6e+06, 1100, 11.9327495890806, 0, 0, 0
6e+06, 1150, 11.3897934163652, 0, 0, 0
6e+06, 1200, 10.8964372228727, 0, 0, 0
6e+06, 1250, 10.4458231874775, 0, 0, 0
6e+06, 1300, 10.03236713477, 0, 0, 0
1.1e+07, 273.17, 1005.31856903266, 0, 0, 0
1.1e+07, 300, 1001.39429327639, 0, 0, 0
1.1e+07, 350, 978.523625011474, 0, 0, 0
1.1e+07, 400, 942.914443238867, 0, 0, 0
1.1e+07, 450, 896.790704522155, 0, 0, 0
1.1e+07, 500, 838.905184607426, 0, 0, 0
1.1e+07, 550, 763.30589494452, 0, 0, 0
1.1e+07, 600, 58.1876821271735, 0, 0, 0
1.1e+07, 650, 45.7368436732751, 0, 0, 0
1.1e+07, 700, 39.5273425635256, 0, 0, 0
1.1e+07, 750, 35.378115614836, 0, 0, 0
1.1e+07, 800, 32.2721317041215, 0, 0, 0
1.1e+07, 850, 29.8009678989163, 0, 0, 0
1.1e+07, 900, 27.7588198750731, 0, 0, 0
1.1e+07, 950, 26.0268867935491, 0, 0, 0
1.1e+07, 1000, 24.5300617530522, 0, 0, 0
1.1e+07, 1050, 23.2176714172544, 0, 0, 0
1.1e+07, 1100, 22.0538212811093, 0, 0, 0
1.1e+07, 1150, 21.0121070117869, 0, 0, 0
1.1e+07, 1200, 20.0725121676671, 0, 0, 0
1.1e+07, 1250, 19.219486586173, 0, 0, 0
1.1e+07, 1300, 18.4407020990174, 0, 0, 0
1.6e+07, 273.17, 1007.78391326423, 0, 0, 0
1.6e+07, 300, 1003.57699750647, 0, 0, 0
1.6e+07, 350, 980.680783213259, 0, 0, 0
1.6e+07, 400, 945.372557374044, 0, 0, 0
1.6e+07, 450, 899.876549892027, 0, 0, 0
1.6e+07, 500, 843.205841994989, 0, 0, 0
1.6e+07, 550, 770.395533154889, 0, 0, 0
1.6e+07, 600, 662.82673074822, 0, 0, 0
1.6e+07, 650, 79.1870943379335, 0, 0, 0
1.6e+07, 700, 63.0647516868844, 0, 0, 0
1.6e+07, 750, 54.6152062236872, 0, 0, 0
1.6e+07, 800, 48.9345906133401, 0, 0, 0
1.6e+07, 850, 44.6843661772625, 0, 0, 0
1.6e+07, 900, 41.3084054043037, 0, 0, 0
1.6e+07, 950, 38.5227559690119, 0, 0, 0
1.6e+07, 1000, 36.1628117456029, 0, 0, 0
1.6e+07, 1050, 34.1245136304024, 0, 0, 0
1.6e+07, 1100, 32.3378027957605, 0, 0, 0
1.6e+07, 1150, 30.7532023448236, 0, 0, 0
1.6e+07, 1200, 29.3344368158182, 0, 0, 0
1.6e+07, 1250, 28.0540966897913, 0, 0, 0
1.6e+07, 1300, 26.8909537139801, 0, 0, 0
2.1e+07, 273.17, 1010.22092331333, 0, 0, 0
2.1e+07, 300, 1005.7373257703, 0, 0, 0
2.1e+07, 350, 982.812194210162, 0, 0, 0
2.1e+07, 400, 947.791415224839, 0, 0, 0
2.1e+07, 450, 902.891041374072, 0, 0, 0
2.1e+07, 500, 847.348380163061, 0, 0, 0
2.1e+07, 550, 776.99446205367, 0, 0, 0
2.1e+07, 600, 677.895143179017, 0, 0, 0
2.1e+07, 650, 147.447679793927, 0, 0, 0
2.1e+07, 700, 93.0926361839827, 0, 0, 0
2.1e+07, 750, 76.718187413862, 0, 0, 0
2.1e+07, 800, 67.1879637088248, 0, 0, 0
2.1e+07, 850, 60.5538355525332, 0, 0, 0
2.1e+07, 900, 55.5091905784036, 0, 0, 0
2.1e+07, 950, 51.4659890317678, 0, 0, 0
2.1e+07, 1000, 48.110675650381, 0, 0, 0
2.1e+07, 1050, 45.2566648268154, 0, 0, 0
2.1e+07, 1100, 42.7840098574063, 0, 0, 0
2.1e+07, 1150, 40.6110481843123, 0, 0, 0
2.1e+07, 1200, 38.6796631937992, 0, 0, 0
2.1e+07, 1250, 36.9470130223358, 0, 0, 0
2.1e+07, 1300, 35.3805991350929, 0, 0, 0
2.6e+07, 273.17, 1012.63002226251, 0, 0, 0
2.6e+07, 300, 1007.87569016012, 0, 0, 0
2.6e+07, 350, 984.918615239973, 0, 0, 0
2.6e+07, 400, 950.172639301737, 0, 0, 0
2.6e+07, 450, 905.838380566786, 0, 0, 0
2.6e+07, 500, 851.347035369559, 0, 0, 0
2.6e+07, 550, 783.180790044376, 0, 0, 0
2.6e+07, 600, 690.550932040685, 0, 0, 0
2.6e+07, 650, 506.709396320252, 0, 0, 0
2.6e+07, 700, 134.789471558473, 0, 0, 0
2.6e+07, 750, 102.646385857521, 0, 0, 0
2.6e+07, 800, 87.3254757270492, 0, 0, 0
2.6e+07, 850, 77.5173056785884, 0, 0, 0
2.6e+07, 900, 70.4032403914878, 0, 0, 0
2.6e+07, 950, 64.872024467539, 0, 0, 0
2.6e+07, 1000, 60.37761146767, 0, 0, 0
2.6e+07, 1050, 56.6130666103603, 0, 0, 0
2.6e+07, 1100, 53.3893032528149, 0, 0, 0
2.6e+07, 1150, 50.5818018192046, 0, 0, 0
2.6e+07, 1200, 48.1042934388783, 0, 0, 0
2.6e+07, 1250, 45.8945766992681, 0, 0, 0
2.6e+07, 1300, 43.9063369286693, 0, 0, 0
3.1e+07, 273.17, 1015.01161981768, 0, 0, 0
3.1e+07, 300, 1009.99248780537, 0, 0, 0
3.1e+07, 350, 987.000765344033, 0, 0, 0
3.1e+07, 400, 952.517742429448, 0, 0, 0
3.1e+07, 450, 908.72237550054, 0, 0, 0
3.1e+07, 500, 855.214058265974, 0, 0, 0
3.1e+07, 550, 789.014196455909, 0, 0, 0
3.1e+07, 600, 701.57050783077, 0, 0, 0
3.1e+07, 650, 557.151987490406, 0, 0, 0
3.1e+07, 700, 200.166927184628, 0, 0, 0
3.1e+07, 750, 133.683246906707, 0, 0, 0
3.1e+07, 800, 109.661107814107, 0, 0, 0
3.1e+07, 850, 95.6734028318159, 0, 0, 0
3.1e+07, 900, 86.0225909691642, 0, 0, 0
3.1e+07, 950, 78.7488433138793, 0, 0, 0
3.1e+07, 1000, 72.9623787459653, 0, 0, 0
3.1e+07, 1050, 68.1890627455036, 0, 0, 0
3.1e+07, 1100, 64.1480291941441, 0, 0, 0
3.1e+07, 1150, 60.6598355871188, 0, 0, 0
3.1e+07, 1200, 57.6031405174654, 0, 0, 0
3.1e+07, 1250, 54.8921812212846, 0, 0, 0
3.1e+07, 1300, 52.4641570250047, 0, 0, 0
3.6e+07, 273.17, 1017.36611442638, 0, 0, 0
3.6e+07, 300, 1012.08810245002, 0, 0, 0
3.6e+07, 350, 989.059328285857, 0, 0, 0
3.6e+07, 400, 954.828138066225, 0, 0, 0
3.6e+07, 450, 911.54649060604, 0, 0, 0
3.6e+07, 500, 858.960080791546, 0, 0, 0
3.6e+07, 550, 794.541477946874, 0, 0, 0
3.6e+07, 600, 711.392695462766, 0, 0, 0
3.6e+07, 650, 586.393597314375, 0, 0, 0
3.6e+07, 700, 303.071529085156, 0, 0, 0
3.6e+07, 750, 171.341891197013, 0, 0, 0
3.6e+07, 800, 134.492035240888, 0, 0, 0
3.6e+07, 850, 115.098663661454, 0, 0, 0
3.6e+07, 900, 102.384642621226, 0, 0, 0
3.6e+07, 950, 93.0952586706205, 0, 0, 0
3.6e+07, 1000, 85.857928304092, 0, 0, 0
3.6e+07, 1050, 79.9762247452991, 0, 0, 0
3.6e+07, 1100, 75.0520183224679, 0, 0, 0
3.6e+07, 1150, 70.8378009534663, 0, 0, 0
3.6e+07, 1200, 67.1698117601414, 0, 0, 0
3.6e+07, 1250, 63.9343564855806, 0, 0, 0
3.6e+07, 1300, 61.0494178375619, 0, 0, 0
4.1e+07, 273.17, 1019.6938952809, 0, 0, 0
4.1e+07, 300, 1014.16290583122, 0, 0, 0
4.1e+07, 350, 991.094955173411, 0, 0, 0
4.1e+07, 400, 957.105149389022, 0, 0, 0
4.1e+07, 450, 914.313888778589, 0, 0, 0
4.1e+07, 500, 862.594400201931, 0, 0, 0
4.1e+07, 550, 799.800118494617, 0, 0, 0
4.1e+07, 600, 720.293356340932, 0, 0, 0
4.1e+07, 650, 607.853840862531, 0, 0, 0
4.1e+07, 700, 399.090944751819, 0, 0, 0
4.1e+07, 750, 216.638457295501, 0, 0, 0
4.1e+07, 800, 162.02250473974, 0, 0, 0
4.1e+07, 850, 135.830322814281, 0, 0, 0
4.1e+07, 900, 119.487170483277, 0, 0, 0
4.1e+07, 950, 107.899355005787, 0, 0, 0
4.1e+07, 1000, 99.0509545189663, 0, 0, 0
4.1e+07, 1050, 91.962288879164, 0, 0, 0
4.1e+07, 1100, 86.090653280744, 0, 0, 0
4.1e+07, 1150, 81.1067329576563, 0, 0, 0
4.1e+07, 1200, 76.7968154123249, 0, 0, 0
4.1e+07, 1250, 73.0148653936613, 0, 0, 0
4.1e+07, 1300, 69.6569297944241, 0, 0, 0
4.6e+07, 273.17, 1021.99534416392, 0, 0, 0
4.6e+07, 300, 1016.21725887963, 0, 0, 0
4.6e+07, 350, 993.108266820722, 0, 0, 0
4.6e+07, 400, 959.350017324544, 0, 0, 0
4.6e+07, 450, 917.027467017722, 0, 0, 0
4.6e+07, 500, 866.125202039717, 0, 0, 0
4.6e+07, 550, 804.820681493577, 0, 0, 0
4.6e+07, 600, 728.458763127673, 0, 0, 0
4.6e+07, 650, 625.110310900952, 0, 0, 0
4.6e+07, 700, 458.672886081717, 0, 0, 0
4.6e+07, 750, 268.033502270957, 0, 0, 0
4.6e+07, 800, 192.233521011121, 0, 0, 0
4.6e+07, 850, 157.845364919454, 0, 0, 0
4.6e+07, 900, 137.303457726352, 0, 0, 0
4.6e+07, 950, 123.137264565219, 0, 0, 0
4.6e+07, 1000, 112.521673038631, 0, 0, 0
4.6e+07, 1050, 104.131223538683, 0, 0, 0
4.6e+07, 1100, 97.2510088554568, 0, 0, 0
4.6e+07, 1150, 91.4561943321813, 0, 0, 0
4.6e+07, 1200, 86.4756883781083, 0, 0, 0
4.6e+07, 1250, 82.1268112735282, 0, 0, 0
4.6e+07, 1300, 78.2810438544082, 0, 0, 0
5.1e+07, 273.17, 1024.27083710435, 0, 0, 0
5.1e+07, 300, 1018.25151275955, 0, 0, 0
5.1e+07, 350, 995.099855879966, 0, 0, 0
5.1e+07, 400, 961.563907666109, 0, 0, 0
5.1e+07, 450, 919.689886804672, 0, 0, 0
5.1e+07, 500, 869.559737371976, 0, 0, 0
5.1e+07, 550, 809.628466778928, 0, 0, 0
5.1e+07, 600, 736.021376828044, 0, 0, 0
5.1e+07, 650, 639.684546211688, 0, 0, 0
5.1e+07, 700, 497.863922160883, 0, 0, 0
5.1e+07, 750, 320.080506088459, 0, 0, 0
5.1e+07, 800, 224.709470498854, 0, 0, 0
5.1e+07, 850, 181.038156718127, 0, 0, 0
5.1e+07, 900, 155.778179610339, 0, 0, 0
5.1e+07, 950, 138.772449074804, 0, 0, 0
5.1e+07, 1000, 126.243865272061, 0, 0, 0
5.1e+07, 1050, 116.463433113215, 0, 0, 0
5.1e+07, 1100, 108.518061862556, 0, 0, 0
5.1e+07, 1150, 101.874455044881, 0, 0, 0
5.1e+07, 1200, 96.197141480368, 0, 0, 0
5.1e+07, 1250, 91.2627533569827, 0, 0, 0
5.1e+07, 1300, 86.9157430578393, 0, 0, 0
5.6e+07, 273.17, 1026.52074582523, 0, 0, 0
5.6e+07, 300, 1020.26600976657, 0, 0, 0
5.6e+07, 350, 997.070288770358, 0, 0, 0
5.6e+07, 400, 963.747917408409, 0, 0, 0
5.6e+07, 450, 922.303600139281, 0, 0, 0
5.6e+07, 500, 872.904465268908, 0, 0, 0
5.6e+07, 550, 814.24469103442, 0, 0, 0
5.6e+07, 600, 743.079175871609, 0, 0, 0
5.6e+07, 650, 652.379010415052, 0, 0, 0
5.6e+07, 700, 526.912886720787, 0, 0, 0
5.6e+07, 750, 367.093837046894, 0, 0, 0
5.6e+07, 800, 258.521286110604, 0, 0, 0
5.6e+07, 850, 205.201815739334, 0, 0, 0
5.6e+07, 900, 174.824735294286, 0, 0, 0
5.6e+07, 950, 154.755605481094, 0, 0, 0
5.6e+07, 1000, 140.185201212118, 0, 0, 0
5.6e+07, 1050, 128.936090166151, 0, 0, 0
5.6e+07, 1100, 119.874961245907, 0, 0, 0
5.6e+07, 1150, 112.348699871087, 0, 0, 0
5.6e+07, 1200, 105.951217072907, 0, 0, 0
5.6e+07, 1250, 100.414826844002, 0, 0, 0
5.6e+07, 1300, 95.5547348235917, 0, 0, 0
6.1e+07, 273.17, 1028.74543897479, 0, 0, 0
6.1e+07, 300, 1022.26108409869, 0, 0, 0
6.1e+07, 350, 999.020107427734, 0, 0, 0
6.1e+07, 400, 965.903080398804, 0, 0, 0
6.1e+07, 450, 924.870871972799, 0, 0, 0
6.1e+07, 500, 876.165168504627, 0, 0, 0
6.1e+07, 550, 818.687349020439, 0, 0, 0
6.1e+07, 600, 749.706919156768, 0, 0, 0
6.1e+07, 650, 663.673937839666, 0, 0, 0
6.1e+07, 700, 549.956081343045, 0, 0, 0
6.1e+07, 750, 406.798484118481, 0, 0, 0
6.1e+07, 800, 292.351448835799, 0, 0, 0
6.1e+07, 850, 230.022487367685, 0, 0, 0
6.1e+07, 900, 194.324784193872, 0, 0, 0
6.1e+07, 950, 171.025253943641, 0, 0, 0
6.1e+07, 1000, 154.307821600609, 0, 0, 0
6.1e+07, 1050, 141.52357467551, 0, 0, 0
6.1e+07, 1100, 131.303343393434, 0, 0, 0
6.1e+07, 1150, 122.865254309516, 0, 0, 0
6.1e+07, 1200, 115.727452888146, 0, 0, 0
6.1e+07, 1250, 109.574863706244, 0, 0, 0
6.1e+07, 1300, 104.191541567783, 0, 0, 0
6.6e+07, 273.17, 1030.94528313912, 0, 0, 0
6.6e+07, 300, 1024.23706251563, 0, 0, 0
6.6e+07, 350, 1000.94983089454, 0, 0, 0
6.6e+07, 400, 968.030372395331, 0, 0, 0
6.6e+07, 450, 927.393799629578, 0, 0, 0
6.6e+07, 500, 879.347048400356, 0, 0, 0
6.6e+07, 550, 822.971855056516, 0, 0, 0
6.6e+07, 600, 755.963103149906, 0, 0, 0
6.6e+07, 650, 673.881653636612, 0, 0, 0
6.6e+07, 700, 569.068443368081, 0, 0, 0
6.6e+07, 750, 439.632324159637, 0, 0, 0
6.6e+07, 800, 324.890077644105, 0, 0, 0
6.6e+07, 850, 255.097701009409, 0, 0, 0
6.6e+07, 900, 214.130800492343, 0, 0, 0
6.6e+07, 950, 187.509018790483, 0, 0, 0
6.6e+07, 1000, 168.569137642361, 0, 0, 0
6.6e+07, 1050, 154.197990241043, 0, 0, 0
6.6e+07, 1100, 142.783674412821, 0, 0, 0
6.6e+07, 1150, 133.409818034459, 0, 0, 0
6.6e+07, 1200, 125.515045687836, 0, 0, 0
6.6e+07, 1250, 118.734510355694, 0, 0, 0
6.6e+07, 1300, 112.819587285194, 0, 0, 0
7.1e+07, 273.17, 1033.1206436459, 0, 0, 0
7.1e+07, 300, 1026.19426489979, 0, 0, 0
7.1e+07, 350, 1002.85995676823, 0, 0, 0
7.1e+07, 400, 970.130715606319, 0, 0, 0
7.1e+07, 450, 929.874329698693, 0, 0, 0
7.1e+07, 500, 882.454803215656, 0, 0, 0
7.1e+07, 550, 827.111529542691, 0, 0, 0
7.1e+07, 600, 761.894463766798, 0, 0, 0
7.1e+07, 650, 683.21763887255, 0, 0, 0
7.1e+07, 700, 585.432711363384, 0, 0, 0
7.1e+07, 750, 467.02434295805, 0, 0, 0
7.1e+07, 800, 355.21094114423, 0, 0, 0
7.1e+07, 850, 279.983433176435, 0, 0, 0
7.1e+07, 900, 234.072352565395, 0, 0, 0
7.1e+07, 950, 204.125589291626, 0, 0, 0
7.1e+07, 1000, 182.922797031358, 0, 0, 0
7.1e+07, 1050, 166.929724249107, 0, 0, 0
7.1e+07, 1100, 154.295600560165, 0, 0, 0
7.1e+07, 1150, 143.967695253319, 0, 0, 0
7.1e+07, 1200, 135.303008617219, 0, 0, 0
7.1e+07, 1250, 127.88533861633, 0, 0, 0
7.1e+07, 1300, 121.432277982645, 0, 0, 0
7.6e+07, 273.17, 1035.27188516935, 0, 0, 0
7.6e+07, 300, 1028.13300473113, 0, 0, 0
7.6e+07, 350, 1004.75096252262, 0, 0, 0
7.6e+07, 400, 972.204982775611, 0, 0, 0
7.6e+07, 450, 932.314272788042, 0, 0, 0
7.6e+07, 500, 885.492693456195, 0, 0, 0
7.6e+07, 550, 831.117973886174, 0, 0, 0
7.6e+07, 600, 767.539002408057, 0, 0, 0
7.6e+07, 650, 691.837292286737, 0, 0, 0
7.6e+07, 700, 599.775539328284, 0, 0, 0
7.6e+07, 750, 490.306603110171, 0, 0, 0
7.6e+07, 800, 382.877605672835, 0, 0, 0
7.6e+07, 850, 304.258287106739, 0, 0, 0
7.6e+07, 900, 253.966251516474, 0, 0, 0
7.6e+07, 950, 220.787331768467, 0, 0, 0
7.6e+07, 1000, 197.3197687864, 0, 0, 0
7.6e+07, 1050, 179.688022107716, 0, 0, 0
7.6e+07, 1100, 165.818290107398, 0, 0, 0
7.6e+07, 1150, 154.524012714864, 0, 0, 0
7.6e+07, 1200, 145.080317066854, 0, 0, 0
7.6e+07, 1250, 137.018947032161, 0, 0, 0
7.6e+07, 1300, 130.023074248129, 0, 0, 0
8.1e+07, 273.17, 1037.39937215484, 0, 0, 0
8.1e+07, 300, 1030.053589487, 0, 0, 0
8.1e+07, 350, 1006.62330672064, 0, 0, 0
8.1e+07, 400, 974.254000868334, 0, 0, 0
8.1e+07, 450, 934.715316463462, 0, 0, 0
8.1e+07, 500, 888.464596669115, 0, 0, 0
8.1e+07, 550, 835.001363550745, 0, 0, 0
8.1e+07, 600, 772.928085550366, 0, 0, 0
8.1e+07, 650, 699.856628544612, 0, 0, 0
8.1e+07, 700, 612.570307468942, 0, 0, 0
8.1e+07, 750, 510.453000968524, 0, 0, 0
8.1e+07, 800, 407.841691672714, 0, 0, 0
8.1e+07, 850, 327.580229555049, 0, 0, 0
8.1e+07, 900, 273.629591626898, 0, 0, 0
8.1e+07, 950, 237.403484816918, 0, 0, 0
8.1e+07, 1000, 211.709510241285, 0, 0, 0
8.1e+07, 1050, 192.441553160372, 0, 0, 0
8.1e+07, 1100, 177.33075403074, 0, 0, 0
8.1e+07, 1150, 165.063918392918, 0, 0, 0
8.1e+07, 1200, 154.83603916811, 0, 0, 0
8.1e+07, 1250, 146.127050340428, 0, 0, 0
8.1e+07, 1300, 138.585554732836, 0, 0, 0
8.6e+07, 273.17, 1039.50346908016, 0, 0, 0
8.6e+07, 300, 1031.95632097695, 0, 0, 0
8.6e+07, 350, 1008.47743011865, 0, 0, 0
8.6e+07, 400, 976.278554404434, 0, 0, 0
8.6e+07, 450, 937.079036639353, 0, 0, 0
8.6e+07, 500, 891.374053723783, 0, 0, 0
8.6e+07, 550, 838.770680048135, 0, 0, 0
8.6e+07, 600, 778.087941278117, 0, 0, 0
8.6e+07, 650, 707.364707906898, 0, 0, 0
8.6e+07, 700, 624.140987861531, 0, 0, 0
8.6e+07, 750, 528.154699208487, 0, 0, 0
8.6e+07, 800, 430.288465876935, 0, 0, 0
8.6e+07, 850, 349.716075478567, 0, 0, 0
8.6e+07, 900, 292.893453091472, 0, 0, 0
8.6e+07, 950, 253.883781856866, 0, 0, 0
8.6e+07, 1000, 226.041188578619, 0, 0, 0
8.6e+07, 1050, 205.158954974927, 0, 0, 0
8.6e+07, 1100, 188.81213798918, 0, 0, 0
8.6e+07, 1150, 175.572756627622, 0, 0, 0
8.6e+07, 1200, 164.559448590424, 0, 0, 0
8.6e+07, 1250, 155.201555835034, 0, 0, 0
8.6e+07, 1300, 147.113469862514, 0, 0, 0
9.1e+07, 273.17, 1041.58454057245, 0, 0, 0
9.1e+07, 300, 1033.84149562217, 0, 0, 0
9.1e+07, 350, 1010.31375668767, 0, 0, 0
9.1e+07, 400, 978.279388480726, 0, 0, 0
9.1e+07, 450, 939.406907642173, 0, 0, 0
9.1e+07, 500, 894.22430814148, 0, 0, 0
9.1e+07, 550, 842.433896694326, 0, 0, 0
9.1e+07, 600, 783.040750953841, 0, 0, 0
9.1e+07, 650, 714.431488945432, 0, 0, 0
9.1e+07, 700, 634.718644631, 0, 0, 0
9.1e+07, 750, 543.913635481589, 0, 0, 0
9.1e+07, 800, 450.5053145168, 0, 0, 0
9.1e+07, 850, 370.541488003784, 0, 0, 0
9.1e+07, 900, 311.614464980725, 0, 0, 0
9.1e+07, 950, 270.142223007701, 0, 0, 0
9.1e+07, 1000, 240.26492936891, 0, 0, 0
9.1e+07, 1050, 217.809350458682, 0, 0, 0
9.1e+07, 1100, 200.241983025915, 0, 0, 0
9.1e+07, 1150, 186.036218282605, 0, 0, 0
9.1e+07, 1200, 174.240118864352, 0, 0, 0
9.1e+07, 1250, 164.234626242469, 0, 0, 0
9.1e+07, 1300, 155.600785628576, 0, 0, 0
9.6e+07, 273.17, 1043.64295140996, 0, 0, 0
9.6e+07, 300, 1035.70940468656, 0, 0, 0
9.6e+07, 350, 1012.13269455008, 0, 0, 0
9.6e+07, 400, 980.257211516718, 0, 0, 0
9.6e+07, 450, 941.700311131652, 0, 0, 0
9.6e+07, 500, 897.018339709236, 0, 0, 0
9.6e+07, 550, 845.998128902878, 0, 0, 0
9.6e+07, 600, 787.805461745717, 0, 0, 0
9.6e+07, 650, 721.112997707387, 0, 0, 0
9.6e+07, 700, 644.473816777288, 0, 0, 0
9.6e+07, 750, 558.103040093973, 0, 0, 0
9.6e+07, 800, 468.794927851751, 0, 0, 0
9.6e+07, 850, 390.022306864769, 0, 0, 0
9.6e+07, 900, 329.682039763306, 0, 0, 0
9.6e+07, 950, 286.100613851125, 0, 0, 0
9.6e+07, 1000, 254.333053960858, 0, 0, 0
9.6e+07, 1050, 230.362836564663, 0, 0, 0
9.6e+07, 1100, 211.600456327535, 0, 0, 0
9.6e+07, 1150, 196.440466867295, 0, 0, 0
9.6e+07, 1200, 183.867999841607, 0, 0, 0
9.6e+07, 1250, 173.218729543104, 0, 0, 0
9.6e+07, 1300, 164.041717793788, 0, 0, 0
1.01e+08, 273.17, 1045.67906640865, 0, 0, 0
1.01e+08, 300, 1037.56033446768, 0, 0, 0
1.01e+08, 350, 1013.93463684409, 0, 0, 0
1.01e+08, 400, 982.212697754855, 0, 0, 0
1.01e+08, 450, 943.960544034911, 0, 0, 0
1.01e+08, 500, 899.758893361745, 0, 0, 0
1.01e+08, 550, 849.469756936171, 0, 0, 0
1.01e+08, 600, 792.398402201356, 0, 0, 0
1.01e+08, 650, 727.454848169525, 0, 0, 0
1.01e+08, 700, 653.535994458656, 0, 0, 0
1.01e+08, 750, 571.005228595067, 0, 0, 0
1.01e+08, 800, 485.432843248413, 0, 0, 0
1.01e+08, 850, 408.189394223365, 0, 0, 0
1.01e+08, 900, 347.020569412358, 0, 0, 0
1.01e+08, 950, 301.691464551982, 0, 0, 0
1.01e+08, 1000, 268.20125089762, 0, 0, 0
1.01e+08, 1050, 242.790943516665, 0, 0, 0
1.01e+08, 1100, 222.868555642412, 0, 0, 0
1.01e+08, 1150, 206.772243295848, 0, 0, 0
1.01e+08, 1200, 193.433477986982, 0, 0, 0
1.01e+08, 1250, 182.146676829041, 0, 0, 0
1.01e+08, 1300, 172.430757248646, 0, 0, 0
1.06e+08, 273.17, 1047.69325023647, 0, 0, 0
1.06e+08, 300, 1039.39456645224, 0, 0, 0
1.06e+08, 350, 1015.71996252247, 0, 0, 0
1.06e+08, 400, 984.146489541862, 0, 0, 0
1.06e+08, 450, 946.188825624256, 0, 0, 0
1.06e+08, 500, 902.448504121111, 0, 0, 0
1.06e+08, 550, 852.854527031299, 0, 0, 0
1.06e+08, 600, 796.833755961051, 0, 0, 0
1.06e+08, 650, 733.494709691483, 0, 0, 0
1.06e+08, 700, 662.005855483593, 0, 0, 0
1.06e+08, 750, 582.836729771651, 0, 0, 0
1.06e+08, 800, 500.654841330853, 0, 0, 0
1.06e+08, 850, 425.114595395515, 0, 0, 0
1.06e+08, 900, 363.587343388691, 0, 0, 0
1.06e+08, 950, 316.859930079857, 0, 0, 0
1.06e+08, 1000, 281.829612517298, 0, 0, 0
1.06e+08, 1050, 255.067060244796, 0, 0, 0
1.06e+08, 1100, 234.028291458436, 0, 0, 0
1.06e+08, 1150, 217.018952875273, 0, 0, 0
1.06e+08, 1200, 202.927422902074, 0, 0, 0
1.06e+08, 1250, 191.011649756129, 0, 0, 0
1.06e+08, 1300, 180.762687552205, 0, 0, 0
1.11e+08, 273.17, 1049.68586715605, 0, 0, 0
1.11e+08, 300, 1041.21237744841, 0, 0, 0
1.11e+08, 350, 1017.48903709184, 0, 0, 0
1.11e+08, 400, 986.059199414451, 0, 0, 0
1.11e+08, 450, 948.386303849418, 0, 0, 0
1.11e+08, 500, 905.089518733055, 0, 0, 0
1.11e+08, 550, 856.157635373239, 0, 0, 0
1.11e+08, 600, 801.12393144067, 0, 0, 0
1.11e+08, 650, 739.264079520764, 0, 0, 0
1.11e+08, 700, 669.963255868076, 0, 0, 0
1.11e+08, 750, 593.76583622912, 0, 0, 0
1.11e+08, 800, 514.6582510704, 0, 0, 0
1.11e+08, 850, 440.891185523636, 0, 0, 0
1.11e+08, 900, 379.367729928658, 0, 0, 0
1.11e+08, 950, 331.564647586069, 0, 0, 0
1.11e+08, 1000, 295.183465101561, 0, 0, 0
1.11e+08, 1050, 267.166816899166, 0, 0, 0
1.11e+08, 1100, 245.062850039881, 0, 0, 0
1.11e+08, 1150, 227.168738250932, 0, 0, 0
1.11e+08, 1200, 212.341222791482, 0, 0, 0
1.11e+08, 1250, 199.807219409294, 0, 0, 0
1.11e+08, 1300, 189.032595876765, 0, 0, 0
1.16e+08, 273.17, 1051.65728071823, 0, 0, 0
1.16e+08, 300, 1043.01403968435, 0, 0, 0
1.16e+08, 350, 1019.24221329825, 0, 0, 0
1.16e+08, 400, 987.951412009851, 0, 0, 0
1.16e+08, 450, 950.554061018383, 0, 0, 0
1.16e+08, 500, 907.68411451937, 0, 0, 0
1.16e+08, 550, 859.383798335759, 0, 0, 0
1.16e+08, 600, 805.279854001738, 0, 0, 0
1.16e+08, 650, 744.789583570266, 0, 0, 0
1.16e+08, 700, 677.472626153537, 0, 0, 0
1.16e+08, 750, 603.925125731347, 0, 0, 0
1.16e+08, 800, 527.607488507165, 0, 0, 0
1.16e+08, 850, 455.619796414514, 0, 0, 0
1.16e+08, 900, 394.369178152318, 0, 0, 0
1.16e+08, 950, 345.77752605626, 0, 0, 0
1.16e+08, 1000, 308.233933748489, 0, 0, 0
1.16e+08, 1050, 279.068411082512, 0, 0, 0
1.16e+08, 1100, 255.956738473949, 0, 0, 0
1.16e+08, 1150, 237.210541522785, 0, 0, 0
1.16e+08, 1200, 221.666811533891, 0, 0, 0
1.16e+08, 1250, 208.527358466664, 0, 0, 0
1.16e+08, 1300, 197.235878652552, 0, 0, 0
1.21e+08, 273.17, 1053.60785342016, 0, 0, 0
1.21e+08, 300, 1044.79982089716, 0, 0, 0
1.21e+08, 350, 1020.97983176419, 0, 0, 0
1.21e+08, 400, 989.823685819051, 0, 0, 0
1.21e+08, 450, 952.69311890879, 0, 0, 0
1.21e+08, 500, 910.234315872462, 0, 0, 0
1.21e+08, 550, 862.537311633744, 0, 0, 0
1.21e+08, 600, 809.311199459539, 0, 0, 0
1.21e+08, 650, 750.093949069417, 0, 0, 0
1.21e+08, 700, 684.586723245697, 0, 0, 0
1.21e+08, 750, 613.420460827606, 0, 0, 0
1.21e+08, 800, 539.639826277768, 0, 0, 0
1.21e+08, 850, 469.39950234656, 0, 0, 0
1.21e+08, 900, 408.615190008133, 0, 0, 0
1.21e+08, 950, 359.482698798806, 0, 0, 0
1.21e+08, 1000, 320.958209844634, 0, 0, 0
1.21e+08, 1050, 290.752862650653, 0, 0, 0
1.21e+08, 1100, 266.695910651253, 0, 0, 0
1.21e+08, 1150, 247.134157793265, 0, 0, 0
1.21e+08, 1200, 230.896689685347, 0, 0, 0
1.21e+08, 1250, 217.16644844657, 0, 0, 0
1.21e+08, 1300, 205.368243187935, 0, 0, 0
1.26e+08, 273.17, 1055.53794633984, 0, 0, 0
1.26e+08, 300, 1046.5699844014, 0, 0, 0
1.26e+08, 350, 1022.70222158119, 0, 0, 0
1.26e+08, 400, 991.67655479854, 0, 0, 0
1.26e+08, 450, 954.80444337031, 0, 0, 0
1.26e+08, 500, 912.742008742878, 0, 0, 0
1.26e+08, 550, 865.622100450224, 0, 0, 0
1.26e+08, 600, 813.226582680908, 0, 0, 0
1.26e+08, 650, 755.196744026135, 0, 0, 0
1.26e+08, 700, 691.349305337739, 0, 0, 0
1.26e+08, 750, 622.33748802619, 0, 0, 0
1.26e+08, 800, 550.870289748322, 0, 0, 0
1.26e+08, 850, 482.32299534687, 0, 0, 0
1.26e+08, 900, 422.139937600748, 0, 0, 0
1.26e+08, 950, 372.674924311055, 0, 0, 0
1.26e+08, 1000, 333.33952276185, 0, 0, 0
1.26e+08, 1050, 302.204183525094, 0, 0, 0
1.26e+08, 1100, 277.267871234488, 0, 0, 0
1.26e+08, 1150, 256.930281261415, 0, 0, 0
1.26e+08, 1200, 240.023941213271, 0, 0, 0
1.26e+08, 1250, 225.719283590915, 0, 0, 0
1.26e+08, 1300, 213.425706440277, 0, 0, 0
1.31e+08, 273.17, 1057.44791875807, 0, 0, 0
1.31e+08, 300, 1048.32478914631, 0, 0, 0
1.31e+08, 350, 1024.40970086233, 0, 0, 0
1.31e+08, 400, 993.510529854491, 0, 0, 0
1.31e+08, 450, 956.888948497162, 0, 0, 0
1.31e+08, 500, 915.208953410623, 0, 0, 0
1.31e+08, 550, 868.641762163173, 0, 0, 0
1.31e+08, 600, 817.033711328431, 0, 0, 0
1.31e+08, 650, 760.114947788109, 0, 0, 0
1.31e+08, 700, 697.797081161498, 0, 0, 0
1.31e+08, 750, 630.746362003912, 0, 0, 0
1.31e+08, 800, 561.395620713035, 0, 0, 0
1.31e+08, 850, 494.474542896838, 0, 0, 0
1.31e+08, 900, 434.983837474264, 0, 0, 0
1.31e+08, 950, 385.357718241153, 0, 0, 0
1.31e+08, 1000, 345.366849412118, 0, 0, 0
1.31e+08, 1050, 313.409453805824, 0, 0, 0
1.31e+08, 1100, 287.661753621143, 0, 0, 0
1.31e+08, 1150, 266.590543870636, 0, 0, 0
1.31e+08, 1200, 249.042247137079, 0, 0, 0
1.31e+08, 1250, 234.181072622618, 0, 0, 0
1.31e+08, 1300, 221.404591953007, 0, 0, 0
1.36e+08, 273.17, 1059.33812777755, 0, 0, 0
1.36e+08, 300, 1050.06448976335, 0, 0, 0
1.36e+08, 350, 1026.102577258, 0, 0, 0
1.36e+08, 400, 995.326100211686, 0, 0, 0
1.36e+08, 450, 958.947500396867, 0, 0, 0
1.36e+08, 500, 917.636795782532, 0, 0, 0
1.36e+08, 550, 871.599602962696, 0, 0, 0
1.36e+08, 600, 820.73951228472, 0, 0, 0
1.36e+08, 650, 764.863397173604, 0, 0, 0
1.36e+08, 700, 703.961157856058, 0, 0, 0
1.36e+08, 750, 638.705211015666, 0, 0, 0
1.36e+08, 800, 571.297487760297, 0, 0, 0
1.36e+08, 850, 505.929581514881, 0, 0, 0
1.36e+08, 900, 447.190157700773, 0, 0, 0
1.36e+08, 950, 397.541446491463, 0, 0, 0
1.36e+08, 1000, 357.034418354982, 0, 0, 0
1.36e+08, 1050, 324.358802492897, 0, 0, 0
1.36e+08, 1100, 297.868367900821, 0, 0, 0
1.36e+08, 1150, 276.107545637445, 0, 0, 0
1.36e+08, 1200, 257.945896627792, 0, 0, 0
1.36e+08, 1250, 242.547439257885, 0, 0, 0
1.36e+08, 1300, 229.301525777554, 0, 0, 0
1.41e+08, 273.17, 1061.2089279461, 0, 0, 0
1.41e+08, 300, 1051.78933660635, 0, 0, 0
1.41e+08, 350, 1027.78114843828, 0, 0, 0
1.41e+08, 400, 997.123734678128, 0, 0, 0
1.41e+08, 450, 960.98092061734, 0, 0, 0
1.41e+08, 500, 920.027077418535, 0, 0, 0
1.41e+08, 550, 874.498669391789, 0, 0, 0
1.41e+08, 600, 824.350236438454, 0, 0, 0
1.41e+08, 650, 769.455139523275, 0, 0, 0
1.41e+08, 700, 709.868134717833, 0, 0, 0
1.41e+08, 750, 646.262707289014, 0, 0, 0
1.41e+08, 800, 580.645111050833, 0, 0, 0
1.41e+08, 850, 516.755133440958, 0, 0, 0
1.41e+08, 900, 458.802590963068, 0, 0, 0
1.41e+08, 950, 409.241539082412, 0, 0, 0
1.41e+08, 1000, 368.341075890459, 0, 0, 0
1.41e+08, 1050, 335.045298750366, 0, 0, 0
1.41e+08, 1100, 307.880215808591, 0, 0, 0
1.41e+08, 1150, 285.47487525765, 0, 0, 0
1.41e+08, 1200, 266.729795572088, 0, 0, 0
1.41e+08, 1250, 250.814421996062, 0, 0, 0
1.41e+08, 1300, 237.113431985026, 0, 0, 0
1.46e+08, 273.17, 1063.06067089088, 0, 0, 0
1.46e+08, 300, 1053.49957578636, 0, 0, 0
1.46e+08, 350, 1029.44570254454, 0, 0, 0
1.46e+08, 400, 998.90388281505, 0, 0, 0
1.46e+08, 450, 962.989989264027, 0, 0, 0
1.46e+08, 500, 922.381244457459, 0, 0, 0
1.46e+08, 550, 877.341775643705, 0, 0, 0
1.46e+08, 600, 827.87154617376, 0, 0, 0
1.46e+08, 650, 773.901715157265, 0, 0, 0
1.46e+08, 700, 715.540941936869, 0, 0, 0
1.46e+08, 750, 653.45999699375, 0, 0, 0
1.46e+08, 800, 589.497419695979, 0, 0, 0
1.46e+08, 850, 527.010557620837, 0, 0, 0
1.46e+08, 900, 469.863647392455, 0, 0, 0
1.46e+08, 950, 420.476918572907, 0, 0, 0
1.46e+08, 1000, 379.289580643549, 0, 0, 0
1.46e+08, 1050, 345.464766323384, 0, 0, 0
1.46e+08, 1100, 317.691471433143, 0, 0, 0
1.46e+08, 1150, 294.687119450898, 0, 0, 0
1.46e+08, 1200, 275.389472191328, 0, 0, 0
1.46e+08, 1250, 258.978473384245, 0, 0, 0
1.46e+08, 1300, 244.837528160344, 0, 0, 0
1.51e+08, 273.17, 1064.89370496766, 0, 0, 0
1.51e+08, 300, 1055.19544920282, 0, 0, 0
1.51e+08, 350, 1031.09651861306, 0, 0, 0
1.51e+08, 400, 1000.66697602096, 0, 0, 0
1.51e+08, 450, 964.975447841679, 0, 0, 0
1.51e+08, 500, 924.700655586574, 0, 0, 0
1.51e+08, 550, 880.131527292367, 0, 0, 0
1.51e+08, 600, 831.308588914643, 0, 0, 0
1.51e+08, 650, 778.21338561402, 0, 0, 0
1.51e+08, 700, 720.999492489358, 0, 0, 0
1.51e+08, 750, 660.332167676809, 0, 0, 0
1.51e+08, 800, 597.904825088127, 0, 0, 0
1.51e+08, 850, 536.748381288112, 0, 0, 0
1.51e+08, 900, 480.413688437311, 0, 0, 0
1.51e+08, 950, 431.268685405931, 0, 0, 0
1.51e+08, 1000, 389.885883887256, 0, 0, 0
1.51e+08, 1050, 355.615538339756, 0, 0, 0
1.51e+08, 1100, 327.297928575155, 0, 0, 0
1.51e+08, 1150, 303.739859740331, 0, 0, 0
1.51e+08, 1200, 283.9210790534, 0, 0, 0
1.51e+08, 1250, 267.036458685414, 0, 0, 0
1.51e+08, 1300, 252.471321075985, 0, 0, 0
1.56e+08, 273.17, 1066.70837493028, 0, 0, 0
1.56e+08, 300, 1056.87719457238, 0, 0, 0
1.56e+08, 350, 1032.73386697292, 0, 0, 0
1.56e+08, 400, 1002.41342853748, 0, 0, 0
1.56e+08, 450, 966.938001850034, 0, 0, 0
1.56e+08, 500, 926.986589177248, 0, 0, 0
1.56e+08, 550, 882.870342008466, 0, 0, 0
1.56e+08, 600, 834.666059337246, 0, 0, 0
1.56e+08, 650, 782.399319767917, 0, 0, 0
1.56e+08, 700, 726.261195000198, 0, 0, 0
1.56e+08, 750, 666.909377897526, 0, 0, 0
1.56e+08, 800, 605.910674739237, 0, 0, 0
1.56e+08, 850, 546.015099893173, 0, 0, 0
1.56e+08, 900, 490.490425450747, 0, 0, 0
1.56e+08, 950, 441.639066623486, 0, 0, 0
1.56e+08, 1000, 400.138439403089, 0, 0, 0
1.56e+08, 1050, 365.498171826514, 0, 0, 0
1.56e+08, 1100, 336.696917765513, 0, 0, 0
1.56e+08, 1150, 312.629655890501, 0, 0, 0
1.56e+08, 1200, 292.321390730892, 0, 0, 0
1.56e+08, 1250, 274.985653683096, 0, 0, 0
1.56e+08, 1300, 260.012602575091, 0, 0, 0
1.61e+08, 273.17, 1068.50502162153, 0, 0, 0
1.61e+08, 300, 1058.54504545654, 0, 0, 0
1.61e+08, 350, 1034.35800962006, 0, 0, 0
1.61e+08, 400, 1004.14363838377, 0, 0, 0
1.61e+08, 450, 968.878323159118, 0, 0, 0
1.61e+08, 500, 929.240249690989, 0, 0, 0
1.61e+08, 550, 885.560467715661, 0, 0, 0
1.61e+08, 600, 837.948252304998, 0, 0, 0
1.61e+08, 650, 786.467746877508, 0, 0, 0
1.61e+08, 700, 731.341361701716, 0, 0, 0
1.61e+08, 750, 673.217737170552, 0, 0, 0
1.61e+08, 800, 613.552440735566, 0, 0, 0
1.61e+08, 850, 554.851905944436, 0, 0, 0
1.61e+08, 900, 500.128731130097, 0, 0, 0
1.61e+08, 950, 451.610611383187, 0, 0, 0
1.61e+08, 1000, 410.05757255501, 0, 0, 0
1.61e+08, 1050, 375.115140995581, 0, 0, 0
1.61e+08, 1100, 345.887197706601, 0, 0, 0
1.61e+08, 1150, 321.354015929467, 0, 0, 0
1.61e+08, 1200, 300.587796427402, 0, 0, 0
1.61e+08, 1250, 282.823741238766, 0, 0, 0
1.61e+08, 1300, 267.459445561819, 0, 0, 0
1.66e+08, 273.17, 1070.28398168891, 0, 0, 0
1.66e+08, 300, 1060.19923128892, 0, 0, 0
1.66e+08, 350, 1035.96920056966, 0, 0, 0
1.66e+08, 400, 1005.85798822598, 0, 0, 0
1.66e+08, 450, 970.797052186663, 0, 0, 0
1.66e+08, 500, 931.462773445071, 0, 0, 0
1.66e+08, 550, 888.203998562532, 0, 0, 0
1.66e+08, 600, 841.159108155539, 0, 0, 0
1.66e+08, 650, 790.42608341812, 0, 0, 0
1.66e+08, 700, 736.253536231033, 0, 0, 0
1.66e+08, 750, 679.279999068338, 0, 0, 0
1.66e+08, 800, 620.862689500136, 0, 0, 0
1.66e+08, 850, 563.295339269417, 0, 0, 0
1.66e+08, 900, 509.360645927741, 0, 0, 0
1.66e+08, 950, 461.205603462686, 0, 0, 0
1.66e+08, 1000, 419.65492569649, 0, 0, 0
1.66e+08, 1050, 384.470526260576, 0, 0, 0
1.66e+08, 1100, 354.868827076252, 0, 0, 0
1.66e+08, 1150, 329.911353435979, 0, 0, 0
1.66e+08, 1200, 308.718287083109, 0, 0, 0
1.66e+08, 1250, 290.548806178143, 0, 0, 0
1.66e+08, 1300, 274.810199904322, 0, 0, 0
1.71e+08, 273.17, 1072.04558732548, 0, 0, 0
1.71e+08, 300, 1061.83997740299, 0, 0, 0
1.71e+08, 350, 1037.56768618823, 0, 0, 0
1.71e+08, 400, 1007.55684618693, 0, 0, 0
1.71e+08, 450, 972.694799897535, 0, 0, 0
1.71e+08, 500, 933.655233814334, 0, 0, 0
1.71e+08, 550, 890.802889022555, 0, 0, 0
1.71e+08, 600, 844.302251650286, 0, 0, 0
1.71e+08, 650, 794.28103894506, 0, 0, 0
1.71e+08, 700, 741.009759462063, 0, 0, 0
1.71e+08, 750, 685.11611282838, 0, 0, 0
1.71e+08, 800, 627.869872956623, 0, 0, 0
1.71e+08, 850, 571.377862608876, 0, 0, 0
1.71e+08, 900, 518.215495594881, 0, 0, 0
1.71e+08, 950, 470.445654859096, 0, 0, 0
1.71e+08, 1000, 428.942987044956, 0, 0, 0
1.71e+08, 1050, 393.56971276609, 0, 0, 0
1.71e+08, 1100, 363.643023155079, 0, 0, 0
1.71e+08, 1150, 338.3009334682, 0, 0, 0
1.71e+08, 1200, 316.711436739735, 0, 0, 0
1.71e+08, 1250, 298.159328110172, 0, 0, 0
1.71e+08, 1300, 282.063488002811, 0, 0, 0
1.76e+08, 273.17, 1073.79016603667, 0, 0, 0
1.76e+08, 300, 1063.46750506093, 0, 0, 0
1.76e+08, 350, 1039.15370550724, 0, 0, 0
1.76e+08, 400, 1009.24056660129, 0, 0, 0
1.76e+08, 450, 974.572149642718, 0, 0, 0
1.76e+08, 500, 935.818645935125, 0, 0, 0
1.76e+08, 550, 893.358966383021, 0, 0, 0
1.76e+08, 600, 847.381025615072, 0, 0, 0
1.76e+08, 650, 798.038705043973, 0, 0, 0
1.76e+08, 700, 745.620786928395, 0, 0, 0
1.76e+08, 750, 690.743666571811, 0, 0, 0
1.76e+08, 800, 634.5989749111, 0, 0, 0
1.76e+08, 850, 579.128369235444, 0, 0, 0
1.76e+08, 900, 526.72006471124, 0, 0, 0
1.76e+08, 950, 479.35144365257, 0, 0, 0
1.76e+08, 1000, 437.934702883073, 0, 0, 0
1.76e+08, 1050, 402.419108627668, 0, 0, 0
1.76e+08, 1100, 372.212013646959, 0, 0, 0
1.76e+08, 1150, 346.522809062533, 0, 0, 0
1.76e+08, 1200, 324.566378249516, 0, 0, 0
1.76e+08, 1250, 305.654171863813, 0, 0, 0
1.76e+08, 1300, 289.218199759026, 0, 0, 0
1.81e+08, 273.17, 1075.51804043347, 0, 0, 0
1.81e+08, 300, 1065.08203148354, 0, 0, 0
1.81e+08, 350, 1040.7274905194, 0, 0, 0
1.81e+08, 400, 1010.90949072072, 0, 0, 0
1.81e+08, 450, 976.429658853345, 0, 0, 0
1.81e+08, 500, 937.953970968419, 0, 0, 0
1.81e+08, 550, 895.87394184189, 0, 0, 0
1.81e+08, 600, 850.398520152268, 0, 0, 0
1.81e+08, 650, 801.704630534414, 0, 0, 0
1.81e+08, 700, 750.096268057275, 0, 0, 0
1.81e+08, 750, 696.178246594791, 0, 0, 0
1.81e+08, 800, 641.072040628063, 0, 0, 0
1.81e+08, 850, 586.572629237414, 0, 0, 0
1.81e+08, 900, 534.89879250857, 0, 0, 0
1.81e+08, 950, 487.942561833972, 0, 0, 0
1.81e+08, 1000, 446.643168069306, 0, 0, 0
1.81e+08, 1050, 411.025889618588, 0, 0, 0
1.81e+08, 1100, 380.578887485615, 0, 0, 0
1.81e+08, 1150, 354.577750591524, 0, 0, 0
1.81e+08, 1200, 332.282773711972, 0, 0, 0
1.81e+08, 1250, 313.032575345899, 0, 0, 0
1.81e+08, 1300, 296.273486699129, 0, 0, 0
1.86e+08, 273.17, 1077.22952805118, 0, 0, 0
1.86e+08, 300, 1066.68376988223, 0, 0, 0
1.86e+08, 350, 1042.28926645898, 0, 0, 0
1.86e+08, 400, 1012.56394737292, 0, 0, 0
1.86e+08, 450, 978.267860603595, 0, 0, 0
1.86e+08, 500, 940.062119971601, 0, 0, 0
1.86e+08, 550, 898.349420397334, 0, 0, 0
1.86e+08, 600, 853.357598094898, 0, 0, 0
1.86e+08, 650, 805.28388541934, 0, 0, 0
1.86e+08, 700, 754.444895004445, 0, 0, 0
1.86e+08, 750, 701.433731017418, 0, 0, 0
1.86e+08, 800, 647.308612376238, 0, 0, 0
1.86e+08, 850, 593.733680526597, 0, 0, 0
1.86e+08, 900, 542.773971882145, 0, 0, 0
1.86e+08, 950, 496.237443368646, 0, 0, 0
1.86e+08, 1000, 455.081386894083, 0, 0, 0
1.86e+08, 1050, 419.397774021815, 0, 0, 0
1.86e+08, 1100, 388.747449521295, 0, 0, 0
1.86e+08, 1150, 362.46717042537, 0, 0, 0
1.86e+08, 1200, 339.860780282992, 0, 0, 0
1.86e+08, 1250, 320.294134760622, 0, 0, 0
1.86e+08, 1300, 303.228755042769, 0, 0, 0
1.91e+08, 273.17, 1078.92494119347, 0, 0, 0
1.91e+08, 300, 1068.27292949269, 0, 0, 0
1.91e+08, 350, 1043.83925206734, 0, 0, 0
1.91e+08, 400, 1014.20425357834, 0, 0, 0
1.91e+08, 450, 980.087265054662, 0, 0, 0
1.91e+08, 500, 942.143957421923, 0, 0, 0
1.91e+08, 550, 900.786909686383, 0, 0, 0
1.91e+08, 600, 856.260917282811, 0, 0, 0
1.91e+08, 650, 808.781115559, 0, 0, 0
1.91e+08, 700, 758.674527087331, 0, 0, 0
1.91e+08, 750, 706.522531609702, 0, 0, 0
1.91e+08, 800, 653.326089270446, 0, 0, 0
1.91e+08, 850, 600.63217016836, 0, 0, 0
1.91e+08, 900, 550.365941613746, 0, 0, 0
1.91e+08, 950, 504.253348211778, 0, 0, 0
1.91e+08, 1000, 463.262094840417, 0, 0, 0
1.91e+08, 1050, 427.542828938785, 0, 0, 0
1.91e+08, 1100, 396.722082924216, 0, 0, 0
1.91e+08, 1150, 370.193045308253, 0, 0, 0
1.91e+08, 1200, 347.301012200493, 0, 0, 0
1.91e+08, 1250, 327.438787271411, 0, 0, 0
1.91e+08, 1300, 310.083657569406, 0, 0, 0
1.96e+08, 273.17, 1080.60458680059, 0, 0, 0
1.96e+08, 300, 1069.84971561076, 0, 0, 0
1.96e+08, 350, 1045.37765984462, 0, 0, 0
1.96e+08, 400, 1015.83071512792, 0, 0, 0
1.96e+08, 450, 981.888360790733, 0, 0, 0
1.96e+08, 500, 944.200304429188, 0, 0, 0
1.96e+08, 550, 903.18782790579, 0, 0, 0
1.96e+08, 600, 859.110950129679, 0, 0, 0
1.96e+08, 650, 812.200589651672, 0, 0, 0
1.96e+08, 700, 762.792295477804, 0, 0, 0
1.96e+08, 750, 711.455794348574, 0, 0, 0
1.96e+08, 800, 659.140026046795, 0, 0, 0
1.96e+08, 850, 607.286651330508, 0, 0, 0
1.96e+08, 900, 557.693267124609, 0, 0, 0
1.96e+08, 950, 512.006383437173, 0, 0, 0
1.96e+08, 1000, 471.197631400705, 0, 0, 0
1.96e+08, 1050, 435.469307529962, 0, 0, 0
1.96e+08, 1100, 404.507622062836, 0, 0, 0
1.96e+08, 1150, 377.757838674344, 0, 0, 0
1.96e+08, 1200, 354.604499998182, 0, 0, 0
1.96e+08, 1250, 334.466791315113, 0, 0, 0
1.96e+08, 1300, 316.838084201197, 0, 0, 0
2.01e+08, 273.17, 1082.26876634075, 0, 0, 0
2.01e+08, 300, 1071.41432963046, 0, 0, 0
2.01e+08, 350, 1046.90469628861, 0, 0, 0
2.01e+08, 400, 1017.44362712478, 0, 0, 0
2.01e+08, 450, 983.671616056722, 0, 0, 0
2.01e+08, 500, 946.231941670515, 0, 0, 0
2.01e+08, 550, 905.553510928688, 0, 0, 0
2.01e+08, 600, 861.910000871442, 0, 0, 0
2.01e+08, 650, 815.546239795816, 0, 0, 0
2.01e+08, 700, 766.80469180869, 0, 0, 0
2.01e+08, 750, 716.243566844755, 0, 0, 0
2.01e+08, 800, 664.764382417735, 0, 0, 0
2.01e+08, 850, 613.713840900656, 0, 0, 0
2.01e+08, 900, 564.772907931971, 0, 0, 0
2.01e+08, 950, 519.511547535078, 0, 0, 0
2.01e+08, 1000, 478.89985443757, 0, 0, 0
2.01e+08, 1050, 443.185515399542, 0, 0, 0
2.01e+08, 1100, 412.109237614132, 0, 0, 0
2.01e+08, 1150, 385.164424834158, 0, 0, 0
2.01e+08, 1200, 361.772647932467, 0, 0, 0
2.01e+08, 1250, 341.378704886365, 0, 0, 0
2.01e+08, 1300, 323.492151292829, 0, 0, 0
2.06e+08, 273.17, 1083.91777572349, 0, 0, 0
2.06e+08, 300, 1072.96696908392, 0, 0, 0
2.06e+08, 350, 1048.42056212158, 0, 0, 0
2.06e+08, 400, 1019.04327449273, 0, 0, 0
2.06e+08, 450, 985.437479906448, 0, 0, 0
2.06e+08, 500, 948.239612075993, 0, 0, 0
2.06e+08, 550, 907.885218714423, 0, 0, 0
2.06e+08, 600, 864.660220822137, 0, 0, 0
2.06e+08, 650, 818.821696667276, 0, 0, 0
2.06e+08, 700, 770.717643582365, 0, 0, 0
2.06e+08, 750, 720.894938972941, 0, 0, 0
2.06e+08, 800, 670.21173226545, 0, 0, 0
2.06e+08, 850, 619.928842545231, 0, 0, 0
2.06e+08, 900, 571.620371418413, 0, 0, 0
2.06e+08, 950, 526.782787997954, 0, 0, 0
2.06e+08, 1000, 486.380087392258, 0, 0, 0
2.06e+08, 1050, 450.699703538161, 0, 0, 0
2.06e+08, 1100, 419.532334799496, 0, 0, 0
2.06e+08, 1150, 392.416016606243, 0, 0, 0
2.06e+08, 1200, 368.807190634052, 0, 0, 0
2.06e+08, 1250, 348.17536219042, 0, 0, 0
2.06e+08, 1300, 330.046189686398, 0, 0, 0
2.11e+08, 273.17, 1085.55190523352, 0, 0, 0
2.11e+08, 300, 1074.50782768371, 0, 0, 0
2.11e+08, 350, 1049.92545250599, 0, 0, 0
2.11e+08, 400, 1020.62993245394, 0, 0, 0
2.11e+08, 450, 987.186383269118, 0, 0, 0
2.11e+08, 500, 950.224023290594, 0, 0, 0
2.11e+08, 550, 910.18414109535, 0, 0, 0
2.11e+08, 600, 867.363621910382, 0, 0, 0
2.11e+08, 650, 822.030320154957, 0, 0, 0
2.11e+08, 700, 774.536578681773, 0, 0, 0
2.11e+08, 750, 725.41816167568, 0, 0, 0
2.11e+08, 800, 675.493440042823, 0, 0, 0
2.11e+08, 850, 625.945339645248, 0, 0, 0
2.11e+08, 900, 578.24985320067, 0, 0, 0
2.11e+08, 950, 533.833065478301, 0, 0, 0
2.11e+08, 1000, 493.649091729472, 0, 0, 0
2.11e+08, 1050, 458.019984805971, 0, 0, 0
2.11e+08, 1100, 426.782464940016, 0, 0, 0
2.11e+08, 1150, 399.516097592953, 0, 0, 0
2.11e+08, 1200, 375.71014992725, 0, 0, 0
2.11e+08, 1250, 354.857849112827, 0, 0, 0
2.11e+08, 1300, 336.500731649085, 0, 0, 0
2.16e+08, 273.17, 1087.17143948385, 0, 0, 0
2.16e+08, 300, 1076.03709536702, 0, 0, 0
2.16e+08, 350, 1051.41955724964, 0, 0, 0
2.16e+08, 400, 1022.20386697818, 0, 0, 0
2.16e+08, 450, 988.918739941074, 0, 0, 0
2.16e+08, 500, 952.185849934678, 0, 0, 0
2.16e+08, 550, 912.451403012819, 0, 0, 0
2.16e+08, 600, 870.022088726628, 0, 0, 0
2.16e+08, 650, 825.175226147365, 0, 0, 0
2.16e+08, 700, 778.266480829127, 0, 0, 0
2.16e+08, 750, 729.820747872392, 0, 0, 0
2.16e+08, 800, 680.619810264148, 0, 0, 0
2.16e+08, 850, 631.775762150307, 0, 0, 0
2.16e+08, 900, 584.674364690784, 0, 0, 0
2.16e+08, 950, 540.674420137719, 0, 0, 0
2.16e+08, 1000, 500.717058200356, 0, 0, 0
2.16e+08, 1050, 465.15427078375, 0, 0, 0
2.16e+08, 1100, 433.865249990695, 0, 0, 0
2.16e+08, 1150, 406.468359934412, 0, 0, 0
2.16e+08, 1200, 382.483792651347, 0, 0, 0
2.16e+08, 1250, 361.427477974884, 0, 0, 0
2.16e+08, 1300, 342.856496859713, 0, 0, 0
2.21e+08, 273.17, 1088.77665738654, 0, 0, 0
2.21e+08, 300, 1077.55495834187, 0, 0, 0
2.21e+08, 350, 1052.90306100113, 0, 0, 0
2.21e+08, 400, 1023.76533520562, 0, 0, 0
2.21e+08, 450, 990.634947509189, 0, 0, 0
2.21e+08, 500, 954.125735682861, 0, 0, 0
2.21e+08, 550, 914.688069264973, 0, 0, 0
2.21e+08, 600, 872.637389275926, 0, 0, 0
2.21e+08, 650, 828.259310041561, 0, 0, 0
2.21e+08, 700, 781.911937482481, 0, 0, 0
2.21e+08, 750, 734.109558606229, 0, 0, 0
2.21e+08, 800, 685.600214798968, 0, 0, 0
2.21e+08, 850, 637.431430966458, 0, 0, 0
2.21e+08, 900, 590.905848581063, 0, 0, 0
2.21e+08, 950, 547.318037448494, 0, 0, 0
2.21e+08, 1000, 507.593611687374, 0, 0, 0
2.21e+08, 1050, 472.110225864376, 0, 0, 0
2.21e+08, 1100, 440.786319331271, 0, 0, 0
2.21e+08, 1150, 413.276648044057, 0, 0, 0
2.21e+08, 1200, 389.130590184486, 0, 0, 0
2.21e+08, 1250, 367.885762037692, 0, 0, 0
2.21e+08, 1300, 349.114377645355, 0, 0, 0
2.26e+08, 273.17, 1090.36783214004, 0, 0, 0
2.26e+08, 300, 1079.06159913505, 0, 0, 0
2.26e+08, 350, 1054.376143436, 0, 0, 0
2.26e+08, 400, 1025.31458584518, 0, 0, 0
2.26e+08, 450, 992.335388211519, 0, 0, 0
2.26e+08, 500, 956.044295178755, 0, 0, 0
2.26e+08, 550, 916.895148820704, 0, 0, 0
2.26e+08, 600, 875.211184601519, 0, 0, 0
2.26e+08, 650, 831.285267448893, 0, 0, 0
2.26e+08, 700, 785.477181381287, 0, 0, 0
2.26e+08, 750, 738.290876942251, 0, 0, 0
2.26e+08, 800, 690.443201763162, 0, 0, 0
2.26e+08, 850, 642.922683061929, 0, 0, 0
2.26e+08, 900, 596.955283050763, 0, 0, 0
2.26e+08, 950, 553.774311815274, 0, 0, 0
2.26e+08, 1000, 514.287825486705, 0, 0, 0
2.26e+08, 1050, 478.895235637591, 0, 0, 0
2.26e+08, 1100, 447.551257840234, 0, 0, 0
2.26e+08, 1150, 419.944908545407, 0, 0, 0
2.26e+08, 1200, 395.653180225396, 0, 0, 0
2.26e+08, 1250, 374.234390189616, 0, 0, 0
2.26e+08, 1300, 355.275423690681, 0, 0, 0
2.31e+08, 273.17, 1091.94523123143, 0, 0, 0
2.31e+08, 300, 1080.55719664184, 0, 0, 0
2.31e+08, 350, 1055.83897943437, 0, 0, 0
2.31e+08, 400, 1026.85185955005, 0, 0, 0
2.31e+08, 450, 994.02042974043, 0, 0, 0
2.31e+08, 500, 957.942115801129, 0, 0, 0
2.31e+08, 550, 919.073598747112, 0, 0, 0
2.31e+08, 600, 877.74503742036, 0, 0, 0
2.31e+08, 650, 834.255612493107, 0, 0, 0
2.31e+08, 700, 788.966126731121, 0, 0, 0
2.31e+08, 750, 742.37047164667, 0, 0, 0
2.31e+08, 800, 695.156589076422, 0, 0, 0
2.31e+08, 850, 648.258980059204, 0, 0, 0
2.31e+08, 900, 602.832775525837, 0, 0, 0
2.31e+08, 950, 560.052907101773, 0, 0, 0
2.31e+08, 1000, 520.80824183958, 0, 0, 0
2.31e+08, 1050, 485.516386886676, 0, 0, 0
2.31e+08, 1100, 454.165564134412, 0, 0, 0
2.31e+08, 1150, 426.477146398338, 0, 0, 0
2.31e+08, 1200, 402.054331243179, 0, 0, 0
2.31e+08, 1250, 380.475202207442, 0, 0, 0
2.31e+08, 1300, 361.340826451253, 0, 0, 0
2.36e+08, 273.17, 1093.50911645219, 0, 0, 0
2.36e+08, 300, 1082.04192617727, 0, 0, 0
2.36e+08, 350, 1057.29173925032, 0, 0, 0
2.36e+08, 400, 1028.37738927199, 0, 0, 0
2.36e+08, 450, 995.69042599278, 0, 0, 0
2.36e+08, 500, 959.819759295303, 0, 0, 0
2.36e+08, 550, 921.224327791849, 0, 0, 0
2.36e+08, 600, 880.240419891215, 0, 0, 0
2.36e+08, 650, 837.172694032446, 0, 0, 0
2.36e+08, 700, 792.382400841798, 0, 0, 0
2.36e+08, 750, 746.353652296379, 0, 0, 0
2.36e+08, 800, 699.747545181545, 0, 0, 0
2.36e+08, 850, 653.449002697345, 0, 0, 0
2.36e+08, 900, 608.547646835975, 0, 0, 0
2.36e+08, 950, 566.162813597518, 0, 0, 0
2.36e+08, 1000, 527.162896324685, 0, 0, 0
2.36e+08, 1050, 491.98045682714, 0, 0, 0
2.36e+08, 1100, 460.634617795711, 0, 0, 0
2.36e+08, 1150, 432.877387023915, 0, 0, 0
2.36e+08, 1200, 408.336909868921, 0, 0, 0
2.36e+08, 1250, 386.61016492608, 0, 0, 0
2.36e+08, 1300, 367.311903498919, 0, 0, 0
2.41e+08, 273.17, 1095.05974392648, 0, 0, 0
2.41e+08, 300, 1083.51595952865, 0, 0, 0
2.41e+08, 350, 1058.73458867378, 0, 0, 0
2.41e+08, 400, 1029.89140059604, 0, 0, 0
2.41e+08, 450, 997.345717771407, 0, 0, 0
2.41e+08, 500, 961.677763282147, 0, 0, 0
2.41e+08, 550, 923.348199656586, 0, 0, 0
2.41e+08, 600, 882.698720619097, 0, 0, 0
2.41e+08, 650, 840.03871008485, 0, 0, 0
2.41e+08, 700, 795.729371891928, 0, 0, 0
2.41e+08, 750, 750.245317166453, 0, 0, 0
2.41e+08, 800, 704.222658964743, 0, 0, 0
2.41e+08, 850, 658.500733202876, 0, 0, 0
2.41e+08, 900, 614.108506609049, 0, 0, 0
2.41e+08, 950, 572.112401234692, 0, 0, 0
2.41e+08, 1000, 533.359344369502, 0, 0, 0
2.41e+08, 1050, 498.293909544727, 0, 0, 0
2.41e+08, 1100, 466.963654408211, 0, 0, 0
2.41e+08, 1150, 439.149644105794, 0, 0, 0
2.41e+08, 1200, 414.503851380884, 0, 0, 0
2.41e+08, 1250, 392.641349590448, 0, 0, 0
2.41e+08, 1300, 373.190083014882, 0, 0, 0
2.46e+08, 273.17, 1096.59736415036, 0, 0, 0
2.46e+08, 300, 1084.97946500954, 0, 0, 0
2.46e+08, 350, 1060.16768918517, 0, 0, 0
2.46e+08, 400, 1031.39411205666, 0, 0, 0
2.46e+08, 450, 998.98663344171, 0, 0, 0
2.46e+08, 500, 963.516642655674, 0, 0, 0
2.46e+08, 550, 925.446035993422, 0, 0, 0
2.46e+08, 600, 885.121250985418, 0, 0, 0
2.46e+08, 650, 842.855720692295, 0, 0, 0
2.46e+08, 700, 799.010173379183, 0, 0, 0
2.46e+08, 750, 754.049995003046, 0, 0, 0
2.46e+08, 800, 708.588000551751, 0, 0, 0
2.46e+08, 850, 663.421527303862, 0, 0, 0
2.46e+08, 900, 619.523320723154, 0, 0, 0
2.46e+08, 950, 577.909469030277, 0, 0, 0
2.46e+08, 1000, 539.40468864218, 0, 0, 0
2.46e+08, 1050, 504.462897911565, 0, 0, 0
2.46e+08, 1100, 473.157747275043, 0, 0, 0
2.46e+08, 1150, 445.297892657338, 0, 0, 0
2.46e+08, 1200, 420.558133330593, 0, 0, 0
2.46e+08, 1250, 398.570910600635, 0, 0, 0
2.46e+08, 1300, 378.976888626138, 0, 0, 0
2.51e+08, 273.17, 1098.122222041, 0, 0, 0
2.51e+08, 300, 1086.4326075146, 0, 0, 0
2.51e+08, 350, 1061.59119810323, 0, 0, 0
2.51e+08, 400, 1032.88573543687, 0, 0, 0
2.51e+08, 450, 1000.61348954679, 0, 0, 0
2.51e+08, 500, 965.33689087912, 0, 0, 0
2.51e+08, 550, 927.518619152284, 0, 0, 0
2.51e+08, 600, 887.509250881168, 0, 0, 0
2.51e+08, 650, 845.625659424639, 0, 0, 0
2.51e+08, 700, 802.227725723212, 0, 0, 0
2.51e+08, 750, 757.771881596303, 0, 0, 0
2.51e+08, 800, 712.849174361934, 0, 0, 0
2.51e+08, 850, 668.21817735911, 0, 0, 0
2.51e+08, 900, 624.799471602457, 0, 0, 0
2.51e+08, 950, 583.561290827261, 0, 0, 0
2.51e+08, 1000, 545.305606466937, 0, 0, 0
2.51e+08, 1050, 510.493269559917, 0, 0, 0
2.51e+08, 1100, 479.221794760656, 0, 0, 0
2.51e+08, 1150, 451.326046889944, 0, 0, 0
2.51e+08, 1200, 426.502752271632, 0, 0, 0
2.51e+08, 1250, 404.401065800997, 0, 0, 0
2.51e+08, 1300, 384.673924755989, 0, 0, 0
2.56e+08, 273.17, 1099.63455699461, 0, 0, 0
2.56e+08, 300, 1087.87554857551, 0, 0, 0
2.56e+08, 350, 1063.0052687265, 0, 0, 0
2.56e+08, 400, 1034.36647605131, 0, 0, 0
2.56e+08, 450, 1002.22659138436, 0, 0, 0
2.56e+08, 500, 967.138981188351, 0, 0, 0
2.56e+08, 550, 929.566694704054, 0, 0, 0
2.56e+08, 600, 889.863893910206, 0, 0, 0
2.56e+08, 650, 848.350343693766, 0, 0, 0
2.56e+08, 700, 805.384755412852, 0, 0, 0
2.56e+08, 750, 761.414871912469, 0, 0, 0
2.56e+08, 800, 717.011365566385, 0, 0, 0
2.56e+08, 850, 672.896967849989, 0, 0, 0
2.56e+08, 900, 629.94381209795, 0, 0, 0
2.56e+08, 950, 589.0746574677, 0, 0, 0
2.56e+08, 1000, 551.068376687218, 0, 0, 0
2.56e+08, 1050, 516.390575764017, 0, 0, 0
2.56e+08, 1100, 485.160512298532, 0, 0, 0
2.56e+08, 1150, 457.237942392799, 0, 0, 0
2.56e+08, 1200, 432.340703485835, 0, 0, 0
2.56e+08, 1250, 410.134078408096, 0, 0, 0
2.56e+08, 1300, 390.28286263147, 0, 0, 0
2.61e+08, 273.17, 1101.13460295225, 0, 0, 0
2.61e+08, 300, 1089.30844641766, 0, 0, 0
2.61e+08, 350, 1064.41005046875, 0, 0, 0
2.61e+08, 400, 1035.83653301425, 0, 0, 0
2.61e+08, 450, 1003.82623354816, 0, 0, 0
2.61e+08, 500, 968.923367710545, 0, 0, 0
2.61e+08, 550, 931.590973761312, 0, 0, 0
2.61e+08, 600, 892.186292121031, 0, 0, 0
2.61e+08, 650, 851.031484024126, 0, 0, 0
2.61e+08, 700, 808.483812027617, 0, 0, 0
2.61e+08, 750, 764.982588418308, 0, 0, 0
2.61e+08, 800, 721.07938090455, 0, 0, 0
2.61e+08, 850, 677.463724291924, 0, 0, 0
2.61e+08, 900, 634.962713641198, 0, 0, 0
2.61e+08, 950, 594.455915566094, 0, 0, 0
2.61e+08, 1000, 556.698905603348, 0, 0, 0
2.61e+08, 1050, 522.160082316858, 0, 0, 0
2.61e+08, 1100, 490.978428208173, 0, 0, 0
2.61e+08, 1150, 463.03732213097, 0, 0, 0
2.61e+08, 1200, 438.074963551711, 0, 0, 0
2.61e+08, 1250, 415.772240623015, 0, 0, 0
2.61e+08, 1300, 395.80542706155, 0, 0, 0
2.66e+08, 273.17, 1102.62258847226, 0, 0, 0
2.66e+08, 300, 1090.73145601736, 0, 0, 0
2.66e+08, 350, 1065.80568898865, 0, 0, 0
2.66e+08, 400, 1037.29609949376, 0, 0, 0
2.66e+08, 450, 1005.4127004367, 0, 0, 0
2.66e+08, 500, 970.690486505314, 0, 0, 0
2.66e+08, 550, 933.592135116113, 0, 0, 0
2.66e+08, 600, 894.477500317956, 0, 0, 0
2.66e+08, 650, 853.670692405129, 0, 0, 0
2.66e+08, 700, 811.52728341259, 0, 0, 0
2.66e+08, 750, 768.478406128138, 0, 0, 0
2.66e+08, 800, 725.057684657738, 0, 0, 0
2.66e+08, 850, 681.923856462075, 0, 0, 0
2.66e+08, 900, 639.862109301744, 0, 0, 0
2.66e+08, 950, 599.711003072928, 0, 0, 0
2.66e+08, 1000, 562.202751754364, 0, 0, 0
2.66e+08, 1050, 527.806781689704, 0, 0, 0
2.66e+08, 1100, 496.679882571291, 0, 0, 0
2.66e+08, 1150, 468.727825781756, 0, 0, 0
2.66e+08, 1200, 443.70847556514, 0, 0, 0
2.66e+08, 1250, 421.317858931306, 0, 0, 0
2.66e+08, 1300, 401.243384071372, 0, 0, 0
2.71e+08, 273.17, 1104.09873680857, 0, 0, 0
2.71e+08, 300, 1092.14472915972, 0, 0, 0
2.71e+08, 350, 1067.19232631409, 0, 0, 0
2.71e+08, 400, 1038.74536295255, 0, 0, 0
2.71e+08, 450, 1006.98626673152, 0, 0, 0
2.71e+08, 500, 972.440756534735, 0, 0, 0
2.71e+08, 550, 935.570827212053, 0, 0, 0
2.71e+08, 600, 896.738519996278, 0, 0, 0
2.71e+08, 650, 856.269489833443, 0, 0, 0
2.71e+08, 700, 814.51740924383, 0, 0, 0
2.71e+08, 750, 771.905474819646, 0, 0, 0
2.71e+08, 800, 728.95043045012, 0, 0, 0
2.71e+08, 850, 686.282396704585, 0, 0, 0
2.71e+08, 900, 644.647532319876, 0, 0, 0
2.71e+08, 950, 604.845481830308, 0, 0, 0
2.71e+08, 1000, 567.585149412816, 0, 0, 0
2.71e+08, 1050, 533.335405928576, 0, 0, 0
2.71e+08, 1100, 502.269028520801, 0, 0, 0
2.71e+08, 1150, 474.312981953791, 0, 0, 0
2.71e+08, 1200, 449.244136800618, 0, 0, 0
2.71e+08, 1250, 426.773241059118, 0, 0, 0
2.71e+08, 1300, 406.598529450877, 0, 0, 0
2.76e+08, 273.17, 1105.56326599431, 0, 0, 0
2.76e+08, 300, 1093.54841449674, 0, 0, 0
2.76e+08, 350, 1068.57010096133, 0, 0, 0
2.76e+08, 400, 1040.18450537673, 0, 0, 0
2.76e+08, 450, 1008.54719784728, 0, 0, 0
2.76e+08, 500, 974.174580570527, 0, 0, 0
2.76e+08, 550, 937.527669965993, 0, 0, 0
2.76e+08, 600, 898.970302940538, 0, 0, 0
2.76e+08, 650, 858.82931313863, 0, 0, 0
2.76e+08, 700, 817.456293186438, 0, 0, 0
2.76e+08, 750, 775.266738795292, 0, 0, 0
2.76e+08, 800, 732.761489442628, 0, 0, 0
2.76e+08, 850, 690.544033961359, 0, 0, 0
2.76e+08, 900, 649.324150628458, 0, 0, 0
2.76e+08, 950, 609.864567327182, 0, 0, 0
2.76e+08, 1000, 572.851030729341, 0, 0, 0
2.76e+08, 1050, 538.750439877102, 0, 0, 0
2.76e+08, 1100, 507.749835393822, 0, 0, 0
2.76e+08, 1150, 479.796202865676, 0, 0, 0
2.76e+08, 1200, 454.684788590177, 0, 0, 0
2.76e+08, 1250, 432.140684526532, 0, 0, 0
2.76e+08, 1300, 411.87267825153, 0, 0, 0
2.81e+08, 273.17, 1107.01638892922, 0, 0, 0
2.81e+08, 300, 1094.94265760573, 0, 0, 0
2.81e+08, 350, 1069.93914804929, 0, 0, 0
2.81e+08, 400, 1041.61370349284, 0, 0, 0
2.81e+08, 450, 1010.09575035569, 0, 0, 0
2.81e+08, 500, 975.892346029264, 0, 0, 0
2.81e+08, 550, 939.46325645314, 0, 0, 0
2.81e+08, 600, 901.173754520289, 0, 0, 0
2.81e+08, 650, 861.351521173063, 0, 0, 0
2.81e+08, 700, 820.345913818298, 0, 0, 0
2.81e+08, 750, 778.564954508922, 0, 0, 0
2.81e+08, 800, 736.494475398343, 0, 0, 0
2.81e+08, 850, 694.71314408103, 0, 0, 0
2.81e+08, 900, 653.896797822087, 0, 0, 0
2.81e+08, 950, 614.773155862138, 0, 0, 0
2.81e+08, 1000, 578.005046509798, 0, 0, 0
2.81e+08, 1050, 544.056134422639, 0, 0, 0
2.81e+08, 1100, 513.126093289387, 0, 0, 0
2.81e+08, 1150, 485.180781097697, 0, 0, 0
2.81e+08, 1200, 460.03320819443, 0, 0, 0
2.81e+08, 1250, 437.422466718352, 0, 0, 0
2.81e+08, 1300, 417.06765524323, 0, 0, 0
2.86e+08, 273.17, 1108.45831347101, 0, 0, 0
2.86e+08, 300, 1096.32760104779, 0, 0, 0
2.86e+08, 350, 1071.29959940923, 0, 0, 0
2.86e+08, 400, 1043.03312897417, 0, 0, 0
2.86e+08, 450, 1011.63217238499, 0, 0, 0
2.86e+08, 500, 977.594425775836, 0, 0, 0
2.86e+08, 550, 941.378154467772, 0, 0, 0
2.86e+08, 600, 903.349736713691, 0, 0, 0
2.86e+08, 650, 863.8374004366, 0, 0, 0
2.86e+08, 700, 823.188134468018, 0, 0, 0
2.86e+08, 750, 781.802706329565, 0, 0, 0
2.86e+08, 800, 740.152767025895, 0, 0, 0
2.86e+08, 850, 698.793816878638, 0, 0, 0
2.86e+08, 900, 658.370000980182, 0, 0, 0
2.86e+08, 950, 619.575849318387, 0, 0, 0
2.86e+08, 1000, 583.051585638912, 0, 0, 0
2.86e+08, 1050, 549.256519546609, 0, 0, 0
2.86e+08, 1100, 518.401418651586, 0, 0, 0
2.86e+08, 1150, 490.469888069121, 0, 0, 0
2.86e+08, 1200, 465.292102444085, 0, 0, 0
2.86e+08, 1250, 442.620836377846, 0, 0, 0
2.86e+08, 1300, 422.185286325009, 0, 0, 0
2.91e+08, 273.17, 1109.88924252955, 0, 0, 0
2.91e+08, 300, 1097.70338442629, 0, 0, 0
2.91e+08, 350, 1072.65158369008, 0, 0, 0
2.91e+08, 400, 1044.44294863899, 0, 0, 0
2.91e+08, 450, 1013.15670399686, 0, 0, 0
2.91e+08, 500, 979.281178852993, 0, 0, 0
2.91e+08, 550, 943.272907970559, 0, 0, 0
2.91e+08, 600, 905.499070885778, 0, 0, 0
2.91e+08, 650, 866.2881701974, 0, 0, 0
2.91e+08, 700, 825.984712095083, 0, 0, 0
2.91e+08, 750, 784.982420674795, 0, 0, 0
2.91e+08, 800, 743.73952794741, 0, 0, 0
2.91e+08, 850, 702.789880351145, 0, 0, 0
2.91e+08, 900, 662.748005703288, 0, 0, 0
2.91e+08, 950, 624.276977748959, 0, 0, 0
2.91e+08, 1000, 587.99479318517, 0, 0, 0
2.91e+08, 1050, 554.35541702472, 0, 0, 0
2.91e+08, 1100, 523.579260569131, 0, 0, 0
2.91e+08, 1150, 495.66657393274, 0, 0, 0
2.91e+08, 1200, 470.464102938981, 0, 0, 0
2.91e+08, 1250, 447.738006419344, 0, 0, 0
2.91e+08, 1300, 427.227390867782, 0, 0, 0
2.96e+08, 273.17, 1111.3093741632, 0, 0, 0
2.96e+08, 300, 1099.07014444536, 0, 0, 0
2.96e+08, 350, 1073.99522645955, 0, 0, 0
2.96e+08, 400, 1045.84332462886, 0, 0, 0
2.96e+08, 450, 1014.66957754213, 0, 0, 0
2.96e+08, 500, 980.952951175227, 0, 0, 0
2.96e+08, 550, 945.148038432365, 0, 0, 0
2.96e+08, 600, 907.62254034512, 0, 0, 0
2.96e+08, 650, 868.704987162596, 0, 0, 0
2.96e+08, 700, 828.737305322849, 0, 0, 0
2.96e+08, 750, 788.106378712839, 0, 0, 0
2.96e+08, 800, 747.257724587359, 0, 0, 0
2.96e+08, 850, 706.704922396947, 0, 0, 0
2.96e+08, 900, 667.034798679201, 0, 0, 0
2.96e+08, 950, 628.88061996127, 0, 0, 0
2.96e+08, 1000, 592.838587235606, 0, 0, 0
2.96e+08, 1050, 559.35645267185, 0, 0, 0
2.96e+08, 1100, 528.662907542756, 0, 0, 0
2.96e+08, 1150, 500.773768616454, 0, 0, 0
2.96e+08, 1200, 475.551762603796, 0, 0, 0
2.96e+08, 1250, 452.776147950449, 0, 0, 0
2.96e+08, 1300, 432.195774955272, 0, 0, 0
3.01e+08, 273.17, 1112.71890167727, 0, 0, 0
3.01e+08, 300, 1100.42801496799, 0, 0, 0
3.01e+08, 350, 1075.33065030135, 0, 0, 0
3.01e+08, 400, 1047.23441459829, 0, 0, 0
3.01e+08, 450, 1016.17101799683, 0, 0, 0
3.01e+08, 500, 982.610076177068, 0, 0, 0
3.01e+08, 550, 947.004046083379, 0, 0, 0
3.01e+08, 600, 909.720892699998, 0, 0, 0
3.01e+08, 650, 871.088949745955, 0, 0, 0
3.01e+08, 700, 831.447481720303, 0, 0, 0
3.01e+08, 750, 791.176727804731, 0, 0, 0
3.01e+08, 800, 750.710142236615, 0, 0, 0
3.01e+08, 850, 710.542310339496, 0, 0, 0
3.01e+08, 900, 671.234128057345, 0, 0, 0
3.01e+08, 950, 633.390622279543, 0, 0, 0
3.01e+08, 1000, 597.586674518188, 0, 0, 0
3.01e+08, 1050, 564.263068063221, 0, 0, 0
3.01e+08, 1100, 533.655494523147, 0, 0, 0
3.01e+08, 1150, 505.794283777773, 0, 0, 0
3.01e+08, 1200, 480.557553413879, 0, 0, 0
3.01e+08, 1250, 457.737385392889, 0, 0, 0
3.01e+08, 1300, 437.092225479851, 0, 0, 0
3.06e+08, 273.17, 1114.11801372353, 0, 0, 0
3.06e+08, 300, 1101.77712707401, 0, 0, 0
3.06e+08, 350, 1076.65797490856, 0, 0, 0
3.06e+08, 400, 1048.61637187592, 0, 0, 0
3.06e+08, 450, 1017.66124327984, 0, 0, 0
3.06e+08, 500, 984.252875421266, 0, 0, 0
3.06e+08, 550, 948.841411075562, 0, 0, 0
3.06e+08, 600, 911.794842032851, 0, 0, 0
3.06e+08, 650, 873.441101973909, 0, 0, 0
3.06e+08, 700, 834.116724415985, 0, 0, 0
3.06e+08, 750, 794.195491834306, 0, 0, 0
3.06e+08, 800, 754.099399510548, 0, 0, 0
3.06e+08, 850, 714.305208514313, 0, 0, 0
3.06e+08, 900, 675.349521876076, 0, 0, 0
3.06e+08, 950, 637.810615651859, 0, 0, 0
3.06e+08, 1000, 602.242564875121, 0, 0, 0
3.06e+08, 1050, 569.078531690862, 0, 0, 0
3.06e+08, 1100, 538.560010064896, 0, 0, 0
3.06e+08, 1150, 510.730815470516, 0, 0, 0
3.06e+08, 1200, 485.48386512028, 0, 0, 0
3.06e+08, 1250, 462.623792592301, 0, 0, 0
3.06e+08, 1300, 441.918505043345, 0, 0, 0
3.11e+08, 273.17, 1115.50689440074, 0, 0, 0
3.11e+08, 300, 1103.11760911762, 0, 0, 0
3.11e+08, 350, 1077.97731717346, 0, 0, 0
3.11e+08, 400, 1049.98934562757, 0, 0, 0
3.11e+08, 450, 1019.1404645534, 0, 0, 0
3.11e+08, 500, 985.881659169847, 0, 0, 0
3.11e+08, 550, 950.660594565604, 0, 0, 0
3.11e+08, 600, 913.845070909724, 0, 0, 0
3.11e+08, 650, 875.762437066441, 0, 0, 0
3.11e+08, 700, 836.746438116841, 0, 0, 0
3.11e+08, 750, 797.16458055395, 0, 0, 0
3.11e+08, 800, 757.427961390104, 0, 0, 0
3.11e+08, 850, 717.996594144025, 0, 0, 0
3.11e+08, 900, 679.384304757822, 0, 0, 0
3.11e+08, 950, 642.144031256284, 0, 0, 0
3.11e+08, 1000, 606.809584653652, 0, 0, 0
3.11e+08, 1050, 573.805949534488, 0, 0, 0
3.11e+08, 1100, 543.379303477229, 0, 0, 0
3.11e+08, 1150, 515.58594735344, 0, 0, 0
3.11e+08, 1200, 490.333004819079, 0, 0, 0
3.11e+08, 1250, 467.437389810483, 0, 0, 0
3.11e+08, 1300, 446.676347608323, 0, 0, 0
3.16e+08, 273.17, 1116.88572335557, 0, 0, 0
3.16e+08, 300, 1104.44958678446, 0, 0, 0
3.16e+08, 350, 1079.28879127396, 0, 0, 0
3.16e+08, 400, 1051.35348100981, 0, 0, 0
3.16e+08, 450, 1020.6088865075, 0, 0, 0
3.16e+08, 500, 987.496726920763, 0, 0, 0
3.16e+08, 550, 952.462039724907, 0, 0, 0
3.16e+08, 600, 915.872232239679, 0, 0, 0
3.16e+08, 650, 878.053900725084, 0, 0, 0
3.16e+08, 700, 839.337954595588, 0, 0, 0
3.16e+08, 750, 800.085798057105, 0, 0, 0
3.16e+08, 800, 760.698151009413, 0, 0, 0
3.16e+08, 850, 721.619271696534, 0, 0, 0
3.16e+08, 900, 683.341613060882, 0, 0, 0
3.16e+08, 950, 646.394114748092, 0, 0, 0
3.16e+08, 1000, 611.29088908225, 0, 0, 0
3.16e+08, 1050, 578.448275040675, 0, 0, 0
3.16e+08, 1100, 548.116091880982, 0, 0, 0
3.16e+08, 1150, 520.362154297748, 0, 0, 0
3.16e+08, 1200, 495.107197226223, 0, 0, 0
3.16e+08, 1250, 472.180141498601, 0, 0, 0
3.16e+08, 1300, 451.367454842853, 0, 0, 0
3.21e+08, 273.17, 1118.2546758839, 0, 0, 0
3.21e+08, 300, 1105.77318314829, 0, 0, 0
3.21e+08, 350, 1080.59250875672, 0, 0, 0
3.21e+08, 400, 1052.70891931642, 0, 0, 0
3.21e+08, 450, 1022.06670762935, 0, 0, 0
3.21e+08, 500, 989.098367912618, 0, 0, 0
3.21e+08, 550, 954.246172682466, 0, 0, 0
3.21e+08, 600, 917.876950997478, 0, 0, 0
3.21e+08, 650, 880.316394156545, 0, 0, 0
3.21e+08, 700, 841.892537702379, 0, 0, 0
3.21e+08, 750, 802.960850474164, 0, 0, 0
3.21e+08, 800, 763.912160331913, 0, 0, 0
3.21e+08, 850, 725.175885896186, 0, 0, 0
3.21e+08, 900, 687.22440865388, 0, 0, 0
3.21e+08, 950, 650.563939277832, 0, 0, 0
3.21e+08, 1000, 615.68947370002, 0, 0, 0
3.21e+08, 1050, 583.008318514858, 0, 0, 0
3.21e+08, 1100, 552.772967104443, 0, 0, 0
3.21e+08, 1150, 525.061806274496, 0, 0, 0
3.21e+08, 1200, 499.808585534598, 0, 0, 0
3.21e+08, 1250, 476.853954755855, 0, 0, 0
3.21e+08, 1300, 455.993493100731, 0, 0, 0
3.26e+08, 273.17, 1119.61392303178, 0, 0, 0
3.26e+08, 300, 1107.08851872692, 0, 0, 0
3.26e+08, 350, 1081.88857861717, 0, 0, 0
3.26e+08, 400, 1054.05579811819, 0, 0, 0
3.26e+08, 450, 1023.51412045867, 0, 0, 0
3.26e+08, 500, 990.686861599748, 0, 0, 0
3.26e+08, 550, 956.013403405999, 0, 0, 0
3.26e+08, 600, 919.859825821704, 0, 0, 0
3.26e+08, 650, 882.550776857307, 0, 0, 0
3.26e+08, 700, 844.411387949759, 0, 0, 0
3.26e+08, 750, 805.79135297611, 0, 0, 0
3.26e+08, 800, 767.072059838596, 0, 0, 0
3.26e+08, 850, 728.668933536187, 0, 0, 0
3.26e+08, 900, 691.03549145898, 0, 0, 0
3.26e+08, 950, 654.656417398248, 0, 0, 0
3.26e+08, 1000, 620.008184906055, 0, 0, 0
3.26e+08, 1050, 587.488755938405, 0, 0, 0
3.26e+08, 1100, 557.352402369079, 0, 0, 0
3.26e+08, 1150, 529.687172423886, 0, 0, 0
3.26e+08, 1200, 504.439232744863, 0, 0, 0
3.26e+08, 1250, 481.460678384773, 0, 0, 0
3.26e+08, 1300, 460.556090979542, 0, 0, 0
3.31e+08, 273.17, 1120.96363169597, 0, 0, 0
3.31e+08, 300, 1108.39571153761, 0, 0, 0
3.31e+08, 350, 1083.17710737661, 0, 0, 0
3.31e+08, 400, 1055.39425139635, 0, 0, 0
3.31e+08, 450, 1024.95131182986, 0, 0, 0
3.31e+08, 500, 992.262478099764, 0, 0, 0
3.31e+08, 550, 957.764126526154, 0, 0, 0
3.31e+08, 600, 921.82143049886, 0, 0, 0
3.31e+08, 650, 884.757869181685, 0, 0, 0
3.31e+08, 700, 846.895646714132, 0, 0, 0
3.31e+08, 750, 808.578836159686, 0, 0, 0
3.31e+08, 800, 770.179807336251, 0, 0, 0
3.31e+08, 850, 732.100774221968, 0, 0, 0
3.31e+08, 900, 694.777510892572, 0, 0, 0
3.31e+08, 950, 658.674311966868, 0, 0, 0
3.31e+08, 1000, 624.249729693475, 0, 0, 0
3.31e+08, 1050, 591.892137228454, 0, 0, 0
3.31e+08, 1100, 561.856758730797, 0, 0, 0
3.31e+08, 1150, 534.24042522659, 0, 0, 0
3.31e+08, 1200, 509.001123375411, 0, 0, 0
3.31e+08, 1250, 486.002102461435, 0, 0, 0
3.31e+08, 1300, 465.056837400216, 0, 0, 0
3.36e+08, 273.17, 1122.3039647239, 0, 0, 0
3.36e+08, 300, 1109.69487715183, 0, 0, 0
3.36e+08, 350, 1084.45819915639, 0, 0, 0
3.36e+08, 400, 1056.72440967004, 0, 0, 0
3.36e+08, 450, 1026.37846310183, 0, 0, 0
3.36e+08, 500, 993.825478615435, 0, 0, 0
3.36e+08, 550, 959.498722108203, 0, 0, 0
3.36e+08, 600, 923.76231534332, 0, 0, 0
3.36e+08, 650, 886.938454713443, 0, 0, 0
3.36e+08, 700, 849.346400091845, 0, 0, 0
3.36e+08, 750, 811.324751878856, 0, 0, 0
3.36e+08, 800, 773.237255980069, 0, 0, 0
3.36e+08, 850, 735.473640159212, 0, 0, 0
3.36e+08, 900, 698.452976317, 0, 0, 0
3.36e+08, 950, 662.620246140734, 0, 0, 0
3.36e+08, 1000, 628.41668463029, 0, 0, 0
3.36e+08, 1050, 596.220893962005, 0, 0, 0
3.36e+08, 1100, 566.288291253765, 0, 0, 0
3.36e+08, 1150, 538.723644712617, 0, 0, 0
3.36e+08, 1200, 513.49616546949, 0, 0, 0
3.36e+08, 1250, 490.479958346133, 0, 0, 0
3.36e+08, 1300, 469.497280153928, 0, 0, 0
3.41e+08, 273.17, 1123.63508101286, 0, 0, 0
3.41e+08, 300, 1110.9861287492, 0, 0, 0
3.41e+08, 350, 1085.73195574945, 0, 0, 0
3.41e+08, 400, 1058.04640011808, 0, 0, 0
3.41e+08, 450, 1027.79575037617, 0, 0, 0
3.41e+08, 500, 995.376115832724, 0, 0, 0
3.41e+08, 550, 961.217556375227, 0, 0, 0
3.41e+08, 600, 925.68300848181, 0, 0, 0
3.41e+08, 650, 889.093282458844, 0, 0, 0
3.41e+08, 700, 851.76468244368, 0, 0, 0
3.41e+08, 750, 814.030478579502, 0, 0, 0
3.41e+08, 800, 776.246161593413, 0, 0, 0
3.41e+08, 850, 738.789645086466, 0, 0, 0
3.41e+08, 900, 702.064266603694, 0, 0, 0
3.41e+08, 950, 666.496712550115, 0, 0, 0
3.41e+08, 1000, 632.511504146195, 0, 0, 0
3.41e+08, 1050, 600.477346588349, 0, 0, 0
3.41e+08, 1100, 570.649154902782, 0, 0, 0
3.41e+08, 1150, 543.138822656394, 0, 0, 0
3.41e+08, 1200, 517.926192829127, 0, 0, 0
3.41e+08, 1250, 494.895919067096, 0, 0, 0
3.41e+08, 1300, 473.878924864839, 0, 0, 0
3.46e+08, 273.17, 1124.95713560771, 0, 0, 0
3.46e+08, 300, 1112.26957717075, 0, 0, 0
3.46e+08, 350, 1086.99847668924, 0, 0, 0
3.46e+08, 400, 1059.3603466954, 0, 0, 0
3.46e+08, 450, 1029.20334470442, 0, 0, 0
3.46e+08, 500, 996.914634296549, 0, 0, 0
3.46e+08, 550, 962.920982386441, 0, 0, 0
3.46e+08, 600, 927.584017050295, 0, 0, 0
3.46e+08, 650, 891.223068877188, 0, 0, 0
3.46e+08, 700, 854.15147965769, 0, 0, 0
3.46e+08, 750, 816.697326187568, 0, 0, 0
3.46e+08, 800, 779.208189357513, 0, 0, 0
3.46e+08, 850, 742.050792440365, 0, 0, 0
3.46e+08, 900, 705.613638896527, 0, 0, 0
3.46e+08, 950, 670.306081729295, 0, 0, 0
3.46e+08, 1000, 636.536528181069, 0, 0, 0
3.46e+08, 1050, 604.663711155462, 0, 0, 0
3.46e+08, 1100, 574.941410147027, 0, 0, 0
3.46e+08, 1150, 547.487866717603, 0, 0, 0
3.46e+08, 1200, 522.292967415829, 0, 0, 0
3.46e+08, 1250, 499.251600016854, 0, 0, 0
3.46e+08, 1300, 478.203234320255, 0, 0, 0
3.51e+08, 273.17, 1126.27027979792, 0, 0, 0
3.51e+08, 300, 1113.54533097133, 0, 0, 0
3.51e+08, 350, 1088.25785931617, 0, 0, 0
3.51e+08, 400, 1060.66637024444, 0, 0, 0
3.51e+08, 450, 1030.60141228518, 0, 0, 0
3.51e+08, 500, 998.441270765802, 0, 0, 0
3.51e+08, 550, 964.609340673982, 0, 0, 0
3.51e+08, 600, 929.465828310422, 0, 0, 0
3.51e+08, 650, 893.328499763162, 0, 0, 0
3.51e+08, 700, 856.507732156995, 0, 0, 0
3.51e+08, 750, 819.32654059498, 0, 0, 0
3.51e+08, 800, 782.124919935231, 0, 0, 0
3.51e+08, 850, 745.258982831093, 0, 0, 0
3.51e+08, 900, 709.103236654132, 0, 0, 0
3.51e+08, 950, 674.050609874564, 0, 0, 0
3.51e+08, 1000, 640.49398924741, 0, 0, 0
3.51e+08, 1050, 608.782105576935, 0, 0, 0
3.51e+08, 1100, 579.167028273359, 0, 0, 0
3.51e+08, 1150, 551.772604496489, 0, 0, 0
3.51e+08, 1200, 526.598181867343, 0, 0, 0
3.51e+08, 1250, 503.548559907402, 0, 0, 0
3.51e+08, 1300, 482.471628123124, 0, 0, 0
3.56e+08, 273.17, 1127.57466121286, 0, 0, 0
3.56e+08, 300, 1114.81349647125, 0, 0, 0
3.56e+08, 350, 1089.51019884168, 0, 0, 0
3.56e+08, 400, 1061.96458860166, 0, 0, 0
3.56e+08, 450, 1031.99011465146, 0, 0, 0
3.56e+08, 500, 999.956254548972, 0, 0, 0
3.56e+08, 550, 966.282959841223, 0, 0, 0
3.56e+08, 600, 931.32891069198, 0, 0, 0
3.56e+08, 650, 895.410231993919, 0, 0, 0
3.56e+08, 700, 858.834337676269, 0, 0, 0
3.56e+08, 750, 821.919307782661, 0, 0, 0
3.56e+08, 800, 784.997855085507, 0, 0, 0
3.56e+08, 850, 748.416020896797, 0, 0, 0
3.56e+08, 900, 712.535097041094, 0, 0, 0
3.56e+08, 950, 677.732445992333, 0, 0, 0
3.56e+08, 1000, 644.386018955371, 0, 0, 0
3.56e+08, 1050, 612.83455546628, 0, 0, 0
3.56e+08, 1100, 583.327896411345, 0, 0, 0
3.56e+08, 1150, 555.994787479848, 0, 0, 0
3.56e+08, 1200, 530.843462087859, 0, 0, 0
3.56e+08, 1250, 507.788301936531, 0, 0, 0
3.56e+08, 1300, 486.6854826252, 0, 0, 0
3.61e+08, 273.17, 1128.87042391591, 0, 0, 0
3.61e+08, 300, 1116.07417780703, 0, 0, 0
3.61e+08, 350, 1090.75558841005, 0, 0, 0
3.61e+08, 400, 1063.25511669956, 0, 0, 0
3.61e+08, 450, 1033.36960884905, 0, 0, 0
3.61e+08, 500, 1001.45980782166, 0, 0, 0
3.61e+08, 550, 967.942157125381, 0, 0, 0
3.61e+08, 600, 933.173714767217, 0, 0, 0
3.61e+08, 650, 897.468895152458, 0, 0, 0
3.61e+08, 700, 861.132153828071, 0, 0, 0
3.61e+08, 750, 824.476757615449, 0, 0, 0
3.61e+08, 800, 787.828422818648, 0, 0, 0
3.61e+08, 850, 751.523621597779, 0, 0, 0
3.61e+08, 900, 715.911157730225, 0, 0, 0
3.61e+08, 950, 681.353638493833, 0, 0, 0
3.61e+08, 1000, 648.214654045495, 0, 0, 0
3.61e+08, 1050, 616.822999565347, 0, 0, 0
3.61e+08, 1100, 587.425822275282, 0, 0, 0
3.61e+08, 1150, 560.156094860067, 0, 0, 0
3.61e+08, 1200, 535.03036987621, 0, 0, 0
3.61e+08, 1250, 511.972275123433, 0, 0, 0
3.61e+08, 1300, 490.846131102684, 0, 0, 0
3.66e+08, 273.17, 1130.15770849655, 0, 0, 0
3.66e+08, 300, 1117.32747698131, 0, 0, 0
3.66e+08, 350, 1091.994119158, 0, 0, 0
3.66e+08, 400, 1064.53806666435, 0, 0, 0
3.66e+08, 450, 1034.74004760632, 0, 0, 0
3.66e+08, 500, 1002.95214592716, 0, 0, 0
3.66e+08, 550, 969.587238926973, 0, 0, 0
3.66e+08, 600, 935.000674162354, 0, 0, 0
3.66e+08, 650, 899.505093037756, 0, 0, 0
3.66e+08, 700, 863.402000477962, 0, 0, 0
3.66e+08, 750, 826.999967339967, 0, 0, 0
3.66e+08, 800, 790.617982136862, 0, 0, 0
3.66e+08, 850, 754.583416004508, 0, 0, 0
3.66e+08, 900, 719.233263171291, 0, 0, 0
3.66e+08, 950, 684.916141287055, 0, 0, 0
3.66e+08, 1000, 651.981841970733, 0, 0, 0
3.66e+08, 1050, 620.749294793105, 0, 0, 0
3.66e+08, 1100, 591.462538630738, 0, 0, 0
3.66e+08, 1150, 564.258137214664, 0, 0, 0
3.66e+08, 1200, 539.160405562812, 0, 0, 0
3.66e+08, 1250, 516.101875777003, 0, 0, 0
3.66e+08, 1300, 494.954864139552, 0, 0, 0
3.71e+08, 273.17, 1131.4366521614, 0, 0, 0
3.71e+08, 300, 1118.57349391184, 0, 0, 0
3.71e+08, 350, 1093.22588027231, 0, 0, 0
3.71e+08, 400, 1065.8135479095, 0, 0, 0
3.71e+08, 450, 1036.10157949599, 0, 0, 0
3.71e+08, 500, 1004.43347766115, 0, 0, 0
3.71e+08, 550, 971.218501308461, 0, 0, 0
3.71e+08, 600, 936.81020641111, 0, 0, 0
3.71e+08, 650, 901.519405071061, 0, 0, 0
3.71e+08, 700, 865.644661945337, 0, 0, 0
3.71e+08, 750, 829.489964812991, 0, 0, 0
3.71e+08, 800, 793.367827399591, 0, 0, 0
3.71e+08, 850, 757.596956627511, 0, 0, 0
3.71e+08, 900, 722.50317037567, 0, 0, 0
3.71e+08, 950, 688.421819411404, 0, 0, 0
3.71e+08, 1000, 655.689446066005, 0, 0, 0
3.71e+08, 1050, 624.615220940316, 0, 0, 0
3.71e+08, 1100, 595.439707494846, 0, 0, 0
3.71e+08, 1150, 568.30246003781, 0, 0, 0
3.71e+08, 1200, 543.235010631412, 0, 0, 0
3.71e+08, 1250, 520.178449065046, 0, 0, 0
3.71e+08, 1300, 499.012930187083, 0, 0, 0
3.76e+08, 273.17, 1132.70738882307, 0, 0, 0
3.76e+08, 300, 1119.81232647966, 0, 0, 0
3.76e+08, 350, 1094.45095904528, 0, 0, 0
3.76e+08, 400, 1067.08166722545, 0, 0, 0
3.76e+08, 450, 1037.45434908924, 0, 0, 0
3.76e+08, 500, 1005.90400554158, 0, 0, 0
3.76e+08, 550, 972.836230464228, 0, 0, 0
3.76e+08, 600, 938.602713754673, 0, 0, 0
3.76e+08, 650, 903.512387606864, 0, 0, 0
3.76e+08, 700, 867.860889045232, 0, 0, 0
3.76e+08, 750, 831.94773148505, 0, 0, 0
3.76e+08, 800, 796.079192348774, 0, 0, 0
3.76e+08, 850, 760.56572233195, 0, 0, 0
3.76e+08, 900, 725.722554261122, 0, 0, 0
3.76e+08, 950, 691.872454255898, 0, 0, 0
3.76e+08, 1000, 659.33925034032, 0, 0, 0
3.76e+08, 1050, 628.42248503469, 0, 0, 0
3.76e+08, 1100, 599.358924080745, 0, 0, 0
3.76e+08, 1150, 572.290547118644, 0, 0, 0
3.76e+08, 1200, 547.255570306325, 0, 0, 0
3.76e+08, 1250, 524.203290656977, 0, 0, 0
3.76e+08, 1300, 503.021536271278, 0, 0, 0
3.81e+08, 273.17, 1133.97004918733, 0, 0, 0
3.81e+08, 300, 1121.04407057624, 0, 0, 0
3.81e+08, 350, 1095.66944092844, 0, 0, 0
3.81e+08, 400, 1068.34252886556, 0, 0, 0
3.81e+08, 450, 1038.79849710274, 0, 0, 0
3.81e+08, 500, 1007.36392606462, 0, 0, 0
3.81e+08, 550, 974.440703163869, 0, 0, 0
3.81e+08, 600, 940.378583892104, 0, 0, 0
3.81e+08, 650, 905.484575156269, 0, 0, 0
3.81e+08, 700, 870.051400984729, 0, 0, 0
3.81e+08, 750, 834.374205161234, 0, 0, 0
3.81e+08, 800, 798.753253825448, 0, 0, 0
3.81e+08, 850, 763.491122875133, 0, 0, 0
3.81e+08, 900, 728.893012596234, 0, 0, 0
3.81e+08, 950, 695.269748397619, 0, 0, 0
3.81e+08, 1000, 662.932963923517, 0, 0, 0
3.81e+08, 1050, 632.172725400028, 0, 0, 0
3.81e+08, 1100, 603.221720497395, 0, 0, 0
3.81e+08, 1150, 576.223823763823, 0, 0, 0
3.81e+08, 1200, 551.223416089707, 0, 0, 0
3.81e+08, 1250, 528.177648416487, 0, 0, 0
3.81e+08, 1300, 506.981848822818, 0, 0, 0
3.86e+08, 273.17, 1135.22476083878, 0, 0, 0
3.86e+08, 300, 1122.26882014983, 0, 0, 0
3.86e+08, 350, 1096.8814095843, 0, 0, 0
3.86e+08, 400, 1069.59623462855, 0, 0, 0
3.86e+08, 450, 1040.13416053889, 0, 0, 0
3.86e+08, 500, 1008.81342994747, 0, 0, 0
3.86e+08, 550, 976.03218717059, 0, 0, 0
3.86e+08, 600, 942.138190684854, 0, 0, 0
3.86e+08, 650, 907.436481529698, 0, 0, 0
3.86e+08, 700, 872.21688712634, 0, 0, 0
3.86e+08, 750, 836.770282559009, 0, 0, 0
3.86e+08, 800, 801.391135205714, 0, 0, 0
3.86e+08, 850, 766.374503101131, 0, 0, 0
3.86e+08, 900, 732.016070580033, 0, 0, 0
3.86e+08, 950, 698.615330093437, 0, 0, 0
3.86e+08, 1000, 666.472225196833, 0, 0, 0
3.86e+08, 1050, 635.867515431698, 0, 0, 0
3.86e+08, 1100, 607.029569216517, 0, 0, 0
3.86e+08, 1150, 580.103659863857, 0, 0, 0
3.86e+08, 1200, 555.139828236737, 0, 0, 0
3.86e+08, 1250, 532.102724124121, 0, 0, 0
3.86e+08, 1300, 510.894994607, 0, 0, 0
3.91e+08, 273.17, 1136.47164832408, 0, 0, 0
3.91e+08, 300, 1123.48666725083, 0, 0, 0
3.91e+08, 350, 1098.08694693642, 0, 0, 0
3.91e+08, 400, 1070.84288393766, 0, 0, 0
3.91e+08, 450, 1041.46147281963, 0, 0, 0
3.91e+08, 500, 1010.25270235907, 0, 0, 0
3.91e+08, 550, 977.610941636413, 0, 0, 0
3.91e+08, 600, 943.881894818757, 0, 0, 0
3.91e+08, 650, 909.368600905332, 0, 0, 0
3.91e+08, 700, 874.358008629434, 0, 0, 0
3.91e+08, 750, 839.136821680777, 0, 0, 0
3.91e+08, 800, 803.99390958119, 0, 0, 0
3.91e+08, 850, 769.217146823149, 0, 0, 0
3.91e+08, 900, 735.093185088635, 0, 0, 0
3.91e+08, 950, 701.910757454722, 0, 0, 0
3.91e+08, 1000, 669.958605633936, 0, 0, 0
3.91e+08, 1050, 639.50836710952, 0, 0, 0
3.91e+08, 1100, 610.783886318649, 0, 0, 0
3.91e+08, 1150, 583.93137280446, 0, 0, 0
3.91e+08, 1200, 559.006038159373, 0, 0, 0
3.91e+08, 1250, 535.979675212799, 0, 0, 0
3.91e+08, 1300, 514.762061733689, 0, 0, 0
3.96e+08, 273.17, 1137.71083323389, 0, 0, 0
3.96e+08, 300, 1124.69770207621, 0, 0, 0
3.96e+08, 350, 1099.28613321776, 0, 0, 0
3.96e+08, 400, 1072.08257391656, 0, 0, 0
3.96e+08, 450, 1042.78056391427, 0, 0, 0
3.96e+08, 500, 1011.68192313911, 0, 0, 0
3.96e+08, 550, 979.177217475706, 0, 0, 0
3.96e+08, 600, 945.610044426545, 0, 0, 0
3.96e+08, 650, 911.281408828987, 0, 0, 0
3.96e+08, 700, 876.475399979763, 0, 0, 0
3.96e+08, 750, 841.474644017077, 0, 0, 0
3.96e+08, 800, 806.562602706445, 0, 0, 0
3.96e+08, 850, 772.020280421107, 0, 0, 0
3.96e+08, 900, 738.125748617592, 0, 0, 0
3.96e+08, 950, 705.157522331894, 0, 0, 0
3.96e+08, 1000, 673.393613376631, 0, 0, 0
3.96e+08, 1050, 643.096734267888, 0, 0, 0
3.96e+08, 1100, 614.486034530407, 0, 0, 0
3.96e+08, 1150, 587.708230225452, 0, 0, 0
3.96e+08, 1200, 562.823230751664, 0, 0, 0
3.96e+08, 1250, 539.809616502004, 0, 0, 0
3.96e+08, 1300, 518.584100729681, 0, 0, 0
4.01e+08, 273.17, 1138.94243428259, 0, 0, 0
4.01e+08, 300, 1125.90201301312, 0, 0, 0
4.01e+08, 350, 1100.47904701735, 0, 0, 0
4.01e+08, 400, 1073.31539946224, 0, 0, 0
4.01e+08, 450, 1044.09156046155, 0, 0, 0
4.01e+08, 500, 1013.10126700632, 0, 0, 0
4.01e+08, 550, 980.731257718477, 0, 0, 0
4.01e+08, 600, 947.322975673709, 0, 0, 0
4.01e+08, 650, 913.175363150711, 0, 0, 0
4.01e+08, 700, 878.569670416173, 0, 0, 0
4.01e+08, 750, 843.784536594843, 0, 0, 0
4.01e+08, 800, 809.098195733692, 0, 0, 0
4.01e+08, 850, 774.785076179155, 0, 0, 0
4.01e+08, 900, 741.115092945765, 0, 0, 0
4.01e+08, 950, 708.357053932938, 0, 0, 0
4.01e+08, 1000, 676.778696567282, 0, 0, 0
4.01e+08, 1050, 646.634015641676, 0, 0, 0
4.01e+08, 1100, 618.137326064941, 0, 0, 0
4.01e+08, 1150, 591.435452630786, 0, 0, 0
4.01e+08, 1200, 566.592546631587, 0, 0, 0
4.01e+08, 1250, 543.593621918754, 0, 0, 0
4.01e+08, 1300, 522.362125658055, 0, 0, 0
4.06e+08, 273.17, 1140.16656738619, 0, 0, 0
4.06e+08, 300, 1127.09968668142, 0, 0, 0
4.06e+08, 350, 1101.66576532551, 0, 0, 0
4.06e+08, 400, 1074.54145331506, 0, 0, 0
4.06e+08, 450, 1045.39458588634, 0, 0, 0
4.06e+08, 500, 1014.51090375657, 0, 0, 0
4.06e+08, 550, 982.273297844721, 0, 0, 0
4.06e+08, 600, 949.02101331029, 0, 0, 0
4.06e+08, 650, 915.050904902861, 0, 0, 0
4.06e+08, 700, 880.641405262717, 0, 0, 0
4.06e+08, 750, 846.067253883637, 0, 0, 0
4.06e+08, 800, 811.601627752895, 0, 0, 0
4.06e+08, 850, 777.512655385346, 0, 0, 0
4.06e+08, 900, 744.062492544028, 0, 0, 0
4.06e+08, 950, 711.510722197808, 0, 0, 0
4.06e+08, 1000, 680.115246457939, 0, 0, 0
4.06e+08, 1050, 650.121557705212, 0, 0, 0
4.06e+08, 1100, 621.739025277403, 0, 0, 0
4.06e+08, 1150, 595.11421585403, 0, 0, 0
4.06e+08, 1200, 570.315084295974, 0, 0, 0
4.06e+08, 1250, 547.332726195513, 0, 0, 0
4.06e+08, 1300, 526.097115271038, 0, 0, 0
4.11e+08, 273.17, 1141.38334573835, 0, 0, 0
4.11e+08, 300, 1128.29080797542, 0, 0, 0
4.11e+08, 350, 1102.8463635775, 0, 0, 0
4.11e+08, 400, 1075.76082612601, 0, 0, 0
4.11e+08, 450, 1046.68976051119, 0, 0, 0
4.11e+08, 500, 1015.91099845131, 0, 0, 0
4.11e+08, 550, 983.803566101072, 0, 0, 0
4.11e+08, 600, 950.704471190952, 0, 0, 0
4.11e+08, 650, 916.90845912402, 0, 0, 0
4.11e+08, 700, 882.691167173639, 0, 0, 0
4.11e+08, 750, 848.323519571564, 0, 0, 0
4.11e+08, 800, 814.073798153735, 0, 0, 0
4.11e+08, 850, 780.204091213517, 0, 0, 0
4.11e+08, 900, 746.969167749845, 0, 0, 0
4.11e+08, 950, 714.61984094846, 0, 0, 0
4.11e+08, 1000, 683.404600314374, 0, 0, 0
4.11e+08, 1050, 653.560657320346, 0, 0, 0
4.11e+08, 1100, 625.292351146896, 0, 0, 0
4.11e+08, 1150, 598.745653384256, 0, 0, 0
4.11e+08, 1200, 573.99190218649, 0, 0, 0
4.11e+08, 1250, 551.027926537011, 0, 0, 0
4.11e+08, 1300, 529.790014184725, 0, 0, 0
4.16e+08, 273.17, 1142.59287988461, 0, 0, 0
4.16e+08, 300, 1129.47546010471, 0, 0, 0
4.16e+08, 350, 1104.02091569571, 0, 0, 0
4.16e+08, 400, 1076.97360652135, 0, 0, 0
4.16e+08, 450, 1047.97720166305, 0, 0, 0
4.16e+08, 500, 1017.30171159702, 0, 0, 0
4.16e+08, 550, 985.322283800843, 0, 0, 0
4.16e+08, 600, 952.37365276553, 0, 0, 0
4.16e+08, 650, 918.748435632744, 0, 0, 0
4.16e+08, 700, 884.719497298025, 0, 0, 0
4.16e+08, 750, 850.554028221453, 0, 0, 0
4.16e+08, 800, 816.51556882424, 0, 0, 0
4.16e+08, 850, 782.860411405469, 0, 0, 0
4.16e+08, 900, 749.836287726773, 0, 0, 0
4.16e+08, 950, 717.685670832443, 0, 0, 0
4.16e+08, 1000, 686.648044131521, 0, 0, 0
4.16e+08, 1050, 656.952564208538, 0, 0, 0
4.16e+08, 1100, 628.798479596042, 0, 0, 0
4.16e+08, 1150, 602.330858557688, 0, 0, 0
4.16e+08, 1200, 577.624020665672, 0, 0, 0
4.16e+08, 1250, 554.680184249488, 0, 0, 0
4.16e+08, 1300, 533.441734065544, 0, 0, 0
4.21e+08, 273.17, 1143.79527779448, 0, 0, 0
4.21e+08, 300, 1130.65372463394, 0, 0, 0
4.21e+08, 350, 1105.18949413054, 0, 0, 0
4.21e+08, 400, 1078.17988116481, 0, 0, 0
4.21e+08, 450, 1049.2570237754, 0, 0, 0
4.21e+08, 500, 1018.6831993162, 0, 0, 0
4.21e+08, 550, 986.829665608523, 0, 0, 0
4.21e+08, 600, 954.02885154204, 0, 0, 0
4.21e+08, 650, 920.571229754776, 0, 0, 0
4.21e+08, 700, 886.726916370274, 0, 0, 0
4.21e+08, 750, 852.759446816911, 0, 0, 0
4.21e+08, 800, 818.927766199461, 0, 0, 0
4.21e+08, 850, 785.482600769839, 0, 0, 0
4.21e+08, 900, 752.664973226165, 0, 0, 0
4.21e+08, 950, 720.709422076312, 0, 0, 0
4.21e+08, 1000, 689.846815175346, 0, 0, 0
4.21e+08, 1050, 660.298483260643, 0, 0, 0
4.21e+08, 1100, 632.258545658852, 0, 0, 0
4.21e+08, 1150, 605.870886620763, 0, 0, 0
4.21e+08, 1200, 581.21242390303, 0, 0, 0
4.21e+08, 1250, 558.290426327202, 0, 0, 0
4.21e+08, 1300, 537.053154819815, 0, 0, 0
4.26e+08, 273.17, 1144.99064493208, 0, 0, 0
4.26e+08, 300, 1131.82568152191, 0, 0, 0
4.26e+08, 350, 1106.35216989988, 0, 0, 0
4.26e+08, 400, 1079.37973481737, 0, 0, 0
4.26e+08, 450, 1050.52933848595, 0, 0, 0
4.26e+08, 500, 1020.05561351019, 0, 0, 0
4.26e+08, 550, 988.325919809688, 0, 0, 0
4.26e+08, 600, 955.670351524025, 0, 0, 0
4.26e+08, 650, 922.377223007075, 0, 0, 0
4.26e+08, 700, 888.713925732024, 0, 0, 0
4.26e+08, 750, 854.940416206934, 0, 0, 0
4.26e+08, 800, 821.311183172329, 0, 0, 0
4.26e+08, 850, 788.071603512459, 0, 0, 0
4.26e+08, 900, 755.456299166711, 0, 0, 0
4.26e+08, 950, 723.692257063598, 0, 0, 0
4.26e+08, 1000, 693.002104364768, 0, 0, 0
4.26e+08, 1050, 663.599576697097, 0, 0, 0
4.26e+08, 1100, 635.673645507107, 0, 0, 0
4.26e+08, 1150, 609.366756670457, 0, 0, 0
4.26e+08, 1200, 584.758061671895, 0, 0, 0
4.26e+08, 1250, 561.859546992203, 0, 0, 0
4.26e+08, 1300, 540.625125779022, 0, 0, 0
4.31e+08, 273.17, 1146.17908432447, 0, 0, 0
4.31e+08, 300, 1132.99140915961, 0, 0, 0
4.31e+08, 350, 1107.50901262734, 0, 0, 0
4.31e+08, 400, 1080.57325039472, 0, 0, 0
4.31e+08, 450, 1051.79425473032, 0, 0, 0
4.31e+08, 500, 1021.41910201457, 0, 0, 0
4.31e+08, 550, 989.811248567208, 0, 0, 0
4.31e+08, 600, 957.29842762389, 0, 0, 0
4.31e+08, 650, 924.166783741698, 0, 0, 0
4.31e+08, 700, 890.68100829067, 0, 0, 0
4.31e+08, 750, 857.097552456998, 0, 0, 0
4.31e+08, 800, 823.666580877692, 0, 0, 0
4.31e+08, 850, 790.628325411659, 0, 0, 0
4.31e+08, 900, 758.211297046048, 0, 0, 0
4.31e+08, 950, 726.635292750786, 0, 0, 0
4.31e+08, 1000, 696.115058506057, 0, 0, 0
4.31e+08, 1050, 666.856966090155, 0, 0, 0
4.31e+08, 1100, 639.044838344988, 0, 0, 0
4.31e+08, 1150, 612.819453477797, 0, 0, 0
4.31e+08, 1200, 588.261851058346, 0, 0, 0
4.31e+08, 1250, 565.388409184337, 0, 0, 0
4.31e+08, 1300, 544.158466874516, 0, 0, 0
4.36e+08, 273.17, 1147.36069662861, 0, 0, 0
4.36e+08, 300, 1134.15098440747, 0, 0, 0
4.36e+08, 350, 1108.66009057925, 0, 0, 0
4.36e+08, 400, 1081.76050902269, 0, 0, 0
4.36e+08, 450, 1053.0518788317, 0, 0, 0
4.36e+08, 500, 1022.77380874726, 0, 0, 0
4.36e+08, 550, 991.285848164609, 0, 0, 0
4.36e+08, 600, 958.913346053866, 0, 0, 0
4.36e+08, 650, 925.940267752371, 0, 0, 0
4.36e+08, 700, 892.628629419138, 0, 0, 0
4.36e+08, 750, 859.231448113811, 0, 0, 0
4.36e+08, 800, 825.99469035949, 0, 0, 0
4.36e+08, 850, 793.15363585072, 0, 0, 0
4.36e+08, 900, 760.930957197415, 0, 0, 0
4.36e+08, 950, 729.5396029335, 0, 0, 0
4.36e+08, 1000, 699.186782390979, 0, 0, 0
4.36e+08, 1050, 670.071734258876, 0, 0, 0
4.36e+08, 1100, 642.373148181124, 0, 0, 0
4.36e+08, 1150, 616.229929200527, 0, 0, 0
4.36e+08, 1200, 591.724678084021, 0, 0, 0
4.36e+08, 1250, 568.8778459993, 0, 0, 0
4.36e+08, 1300, 547.653969796389, 0, 0, 0
4.41e+08, 273.17, 1148.5355801962, 0, 0, 0
4.41e+08, 300, 1135.30448263171, 0, 0, 0
4.41e+08, 350, 1109.80547070046, 0, 0, 0
4.41e+08, 400, 1082.94159009043, 0, 0, 0
4.41e+08, 450, 1054.30231458682, 0, 0, 0
4.41e+08, 500, 1024.11987384999, 0, 0, 0
4.41e+08, 550, 992.749909237336, 0, 0, 0
4.41e+08, 600, 960.515364695977, 0, 0, 0
4.41e+08, 650, 927.69801884631, 0, 0, 0
4.41e+08, 700, 894.55723780122, 0, 0, 0
4.41e+08, 750, 861.342673390311, 0, 0, 0
4.41e+08, 800, 828.296214130175, 0, 0, 0
4.41e+08, 850, 795.648369718564, 0, 0, 0
4.41e+08, 900, 763.616230903092, 0, 0, 0
4.41e+08, 950, 732.406220374057, 0, 0, 0
4.41e+08, 1000, 702.218340768976, 0, 0, 0
4.41e+08, 1050, 673.244927046715, 0, 0, 0
4.41e+08, 1100, 645.659565486778, 0, 0, 0
4.41e+08, 1150, 619.599104990836, 0, 0, 0
4.41e+08, 1200, 595.147399245008, 0, 0, 0
4.41e+08, 1250, 572.328662073254, 0, 0, 0
4.41e+08, 1300, 551.112399132134, 0, 0, 0
